InfoType1,InfoType2,Freq,PurchasingType,BuildingType,Category1,Category2,Category3,YYYYMMDD,AreaName,Values,UpdatedAt,UpdatedBy
거시경제및일반지표,CD(91일물),M,,,,,,2013-02-01,전국,2.83,"2018-03-03 00:00:00",jinsung
거시경제및일반지표,CD(91일물),M,,,,,,2013-03-01,전국,2.81,"2018-03-03 00:00:00",jinsung
거시경제및일반지표,CD(91일물),M,,,,,,2013-04-01,전국,2.8,"2018-03-03 00:00:00",jinsung
거시경제및일반지표,CD(91일물),M,,,,,,2013-05-01,전국,2.72,"2018-03-03 00:00:00",jinsung
거시경제및일반지표,CD(91일물),M,,,,,,2013-06-01,전국,2.69,"2018-03-03 00:00:00",jinsung
거시경제및일반지표,CD(91일물),M,,,,,,2013-07-01,전국,2.68,"2018-03-03 00:00:00",jinsung
거시경제및일반지표,CD(91일물),M,,,,,,2013-08-01,전국,2.66,"2018-03-03 00:00:00",jinsung
거시경제및일반지표,CD(91일물),M,,,,,,2013-09-01,전국,2.66,"2018-03-03 00:00:00",jinsung
거시경제및일반지표,CD(91일물),M,,,,,,2013-10-01,전국,2.66,"2018-03-03 00:00:00",jinsung
거시경제및일반지표,CD(91일물),M,,,,,,2013-11-01,전국,2.65,"2018-03-03 00:00:00",jinsung
거시경제및일반지표,CD(91일물),M,,,,,,2013-12-01,전국,2.65,"2018-03-03 00:00:00",jinsung
거시경제및일반지표,CD(91일물),M,,,,,,2014-01-01,전국,2.65,"2018-03-03 00:00:00",jinsung
거시경제및일반지표,CD(91일물),M,,,,,,2014-02-01,전국,2.65,"2018-03-03 00:00:00",jinsung
거시경제및일반지표,CD(91일물),M,,,,,,2014-03-01,전국,2.65,"2018-03-03 00:00:00",jinsung
거시경제및일반지표,CD(91일물),M,,,,,,2014-04-01,전국,2.65,"2018-03-03 00:00:00",jinsung
거시경제및일반지표,CD(91일물),M,,,,,,2014-05-01,전국,2.65,"2018-03-03 00:00:00",jinsung
거시경제및일반지표,CD(91일물),M,,,,,,2014-06-01,전국,2.65,"2018-03-03 00:00:00",jinsung
거시경제및일반지표,CD(91일물),M,,,,,,2014-07-01,전국,2.65,"2018-03-03 00:00:00",jinsung
거시경제및일반지표,CD(91일물),M,,,,,,2014-08-01,전국,2.52,"2018-03-03 00:00:00",jinsung
거시경제및일반지표,CD(91일물),M,,,,,,2014-09-01,전국,2.35,"2018-03-03 00:00:00",jinsung
거시경제및일반지표,CD(91일물),M,,,,,,2014-10-01,전국,2.21,"2018-03-03 00:00:00",jinsung
거시경제및일반지표,CD(91일물),M,,,,,,2014-11-01,전국,2.14,"2018-03-03 00:00:00",jinsung
거시경제및일반지표,CD(91일물),M,,,,,,2014-12-01,전국,2.13,"2018-03-03 00:00:00",jinsung
거시경제및일반지표,CD(91일물),M,,,,,,2015-01-01,전국,2.13,"2018-03-03 00:00:00",jinsung
거시경제및일반지표,CD(91일물),M,,,,,,2015-02-01,전국,2.12,"2018-03-03 00:00:00",jinsung
거시경제및일반지표,CD(91일물),M,,,,,,2015-03-01,전국,1.95,"2018-03-03 00:00:00",jinsung
거시경제및일반지표,CD(91일물),M,,,,,,2015-04-01,전국,1.81,"2018-03-03 00:00:00",jinsung
거시경제및일반지표,CD(91일물),M,,,,,,2015-05-01,전국,1.8,"2018-03-03 00:00:00",jinsung
거시경제및일반지표,CD(91일물),M,,,,,,2015-06-01,전국,1.7,"2018-03-03 00:00:00",jinsung
거시경제및일반지표,CD(91일물),M,,,,,,2015-07-01,전국,1.65,"2018-03-03 00:00:00",jinsung
거시경제및일반지표,CD(91일물),M,,,,,,2015-08-01,전국,1.64,"2018-03-03 00:00:00",jinsung
거시경제및일반지표,CD(91일물),M,,,,,,2015-09-01,전국,1.6,"2018-03-03 00:00:00",jinsung
거시경제및일반지표,CD(91일물),M,,,,,,2015-10-01,전국,1.58,"2018-03-03 00:00:00",jinsung
거시경제및일반지표,CD(91일물),M,,,,,,2015-11-01,전국,1.59,"2018-03-03 00:00:00",jinsung
거시경제및일반지표,CD(91일물),M,,,,,,2015-12-01,전국,1.67,"2018-03-03 00:00:00",jinsung
거시경제및일반지표,CD(91일물),M,,,,,,2016-01-01,전국,1.67,"2018-03-03 00:00:00",jinsung
거시경제및일반지표,CD(91일물),M,,,,,,2016-02-01,전국,1.64,"2018-03-03 00:00:00",jinsung
거시경제및일반지표,CD(91일물),M,,,,,,2016-03-01,전국,1.63,"2018-03-03 00:00:00",jinsung
거시경제및일반지표,CD(91일물),M,,,,,,2016-04-01,전국,1.61,"2018-03-03 00:00:00",jinsung
거시경제및일반지표,CD(91일물),M,,,,,,2016-05-01,전국,1.58,"2018-03-03 00:00:00",jinsung
거시경제및일반지표,CD(91일물),M,,,,,,2016-06-01,전국,1.43,"2018-03-03 00:00:00",jinsung
거시경제및일반지표,CD(91일물),M,,,,,,2016-07-01,전국,1.36,"2018-03-03 00:00:00",jinsung
거시경제및일반지표,CD(91일물),M,,,,,,2016-08-01,전국,1.35,"2018-03-03 00:00:00",jinsung
거시경제및일반지표,CD(91일물),M,,,,,,2016-09-01,전국,1.34,"2018-03-03 00:00:00",jinsung
거시경제및일반지표,CD(91일물),M,,,,,,2016-10-01,전국,1.35,"2018-03-03 00:00:00",jinsung
거시경제및일반지표,CD(91일물),M,,,,,,2016-11-01,전국,1.42,"2018-03-03 00:00:00",jinsung
거시경제및일반지표,CD(91일물),M,,,,,,2016-12-01,전국,1.54,"2018-03-03 00:00:00",jinsung
거시경제및일반지표,CD(91일물),M,,,,,,2017-01-01,전국,1.5,"2018-03-03 00:00:00",jinsung
거시경제및일반지표,CD(91일물),M,,,,,,2017-02-01,전국,1.49,"2018-03-03 00:00:00",jinsung
거시경제및일반지표,CD(91일물),M,,,,,,2017-03-01,전국,1.48,"2018-03-03 00:00:00",jinsung
거시경제및일반지표,CD(91일물),M,,,,,,2017-04-01,전국,1.43,"2018-03-03 00:00:00",jinsung
거시경제및일반지표,CD(91일물),M,,,,,,2017-05-01,전국,1.39,"2018-03-03 00:00:00",jinsung
거시경제및일반지표,CD(91일물),M,,,,,,2017-06-01,전국,1.38,"2018-03-03 00:00:00",jinsung
거시경제및일반지표,CD(91일물),M,,,,,,2017-07-01,전국,1.39,"2018-03-03 00:00:00",jinsung
거시경제및일반지표,CD(91일물),M,,,,,,2017-08-01,전국,1.39,"2018-03-03 00:00:00",jinsung
거시경제및일반지표,CD(91일물),M,,,,,,2017-09-01,전국,1.38,"2018-03-03 00:00:00",jinsung
거시경제및일반지표,CD(91일물),M,,,,,,2017-10-01,전국,1.38,"2018-03-03 00:00:00",jinsung
거시경제및일반지표,CD(91일물),M,,,,,,2017-11-01,전국,1.45,"2018-03-03 00:00:00",jinsung
거시경제및일반지표,CD(91일물),M,,,,,,2017-12-01,전국,1.66,"2018-03-03 00:00:00",jinsung
거시경제및일반지표,CD(91일물),M,,,,,,2018-01-01,전국,1.66,"2018-03-03 00:00:00",jinsung
거시경제및일반지표,가계대출,M,,,,,,2013-02-01,전국,654445.9,"2018-03-03 00:00:00",jinsung
거시경제및일반지표,가계대출,M,,,,,,2013-03-01,전국,655063.9,"2018-03-03 00:00:00",jinsung
거시경제및일반지표,가계대출,M,,,,,,2013-04-01,전국,656479.2,"2018-03-03 00:00:00",jinsung
거시경제및일반지표,가계대출,M,,,,,,2013-05-01,전국,659877.1,"2018-03-03 00:00:00",jinsung
거시경제및일반지표,가계대출,M,,,,,,2013-06-01,전국,666423.4,"2018-03-03 00:00:00",jinsung
거시경제및일반지표,가계대출,M,,,,,,2013-07-01,전국,667545.9,"2018-03-03 00:00:00",jinsung
거시경제및일반지표,가계대출,M,,,,,,2013-08-01,전국,670827.5,"2018-03-03 00:00:00",jinsung
거시경제및일반지표,가계대출,M,,,,,,2013-09-01,전국,672072.2,"2018-03-03 00:00:00",jinsung
거시경제및일반지표,가계대출,M,,,,,,2013-10-01,전국,676077.7,"2018-03-03 00:00:00",jinsung
거시경제및일반지표,가계대출,M,,,,,,2013-11-01,전국,681121.3,"2018-03-03 00:00:00",jinsung
거시경제및일반지표,가계대출,M,,,,,,2013-12-01,전국,687186.4,"2018-03-03 00:00:00",jinsung
거시경제및일반지표,가계대출,M,,,,,,2014-01-01,전국,685180.7,"2018-03-03 00:00:00",jinsung
거시경제및일반지표,가계대출,M,,,,,,2014-02-01,전국,688137.3,"2018-03-03 00:00:00",jinsung
거시경제및일반지표,가계대출,M,,,,,,2014-03-01,전국,690570.9,"2018-03-03 00:00:00",jinsung
거시경제및일반지표,가계대출,M,,,,,,2014-04-01,전국,695539.1,"2018-03-03 00:00:00",jinsung
거시경제및일반지표,가계대출,M,,,,,,2014-05-01,전국,699317.6,"2018-03-03 00:00:00",jinsung
거시경제및일반지표,가계대출,M,,,,,,2014-06-01,전국,705225.9,"2018-03-03 00:00:00",jinsung
거시경제및일반지표,가계대출,M,,,,,,2014-07-01,전국,710954.9,"2018-03-03 00:00:00",jinsung
거시경제및일반지표,가계대출,M,,,,,,2014-08-01,전국,717236,"2018-03-03 00:00:00",jinsung
거시경제및일반지표,가계대출,M,,,,,,2014-09-01,전국,722884.9,"2018-03-03 00:00:00",jinsung
거시경제및일반지표,가계대출,M,,,,,,2014-10-01,전국,730645.4,"2018-03-03 00:00:00",jinsung
거시경제및일반지표,가계대출,M,,,,,,2014-11-01,전국,738162.3,"2018-03-03 00:00:00",jinsung
거시경제및일반지표,가계대출,M,,,,,,2014-12-01,전국,745823.2,"2018-03-03 00:00:00",jinsung
거시경제및일반지표,가계대출,M,,,,,,2015-01-01,전국,746493.7,"2018-03-03 00:00:00",jinsung
거시경제및일반지표,가계대출,M,,,,,,2015-02-01,전국,750272.9,"2018-03-03 00:00:00",jinsung
거시경제및일반지표,가계대출,M,,,,,,2015-03-01,전국,755124.9,"2018-03-03 00:00:00",jinsung
거시경제및일반지표,가계대출,M,,,,,,2015-04-01,전국,765240.8,"2018-03-03 00:00:00",jinsung
거시경제및일반지표,가계대출,M,,,,,,2015-05-01,전국,768150.8,"2018-03-03 00:00:00",jinsung
거시경제및일반지표,가계대출,M,,,,,,2015-06-01,전국,759947.8,"2018-03-03 00:00:00",jinsung
거시경제및일반지표,가계대출,M,,,,,,2015-07-01,전국,763268.2,"2018-03-03 00:00:00",jinsung
거시경제및일반지표,가계대출,M,,,,,,2015-08-01,전국,773068.4,"2018-03-03 00:00:00",jinsung
거시경제및일반지표,가계대출,M,,,,,,2015-09-01,전국,780590.2,"2018-03-03 00:00:00",jinsung
거시경제및일반지표,가계대출,M,,,,,,2015-10-01,전국,792401.9,"2018-03-03 00:00:00",jinsung
거시경제및일반지표,가계대출,M,,,,,,2015-11-01,전국,801296.2,"2018-03-03 00:00:00",jinsung
거시경제및일반지표,가계대출,M,,,,,,2015-12-01,전국,812360,"2018-03-03 00:00:00",jinsung
거시경제및일반지표,가계대출,M,,,,,,2016-01-01,전국,815207.3,"2018-03-03 00:00:00",jinsung
거시경제및일반지표,가계대출,M,,,,,,2016-02-01,전국,818680.7,"2018-03-03 00:00:00",jinsung
거시경제및일반지표,가계대출,M,,,,,,2016-03-01,전국,825506,"2018-03-03 00:00:00",jinsung
거시경제및일반지표,가계대출,M,,,,,,2016-04-01,전국,833242.2,"2018-03-03 00:00:00",jinsung
거시경제및일반지표,가계대출,M,,,,,,2016-05-01,전국,843348.3,"2018-03-03 00:00:00",jinsung
거시경제및일반지표,가계대출,M,,,,,,2016-06-01,전국,853309.9,"2018-03-03 00:00:00",jinsung
거시경제및일반지표,가계대출,M,,,,,,2016-07-01,전국,861646.9,"2018-03-03 00:00:00",jinsung
거시경제및일반지표,가계대출,M,,,,,,2016-08-01,전국,873305.7,"2018-03-03 00:00:00",jinsung
거시경제및일반지표,가계대출,M,,,,,,2016-09-01,전국,881665.9,"2018-03-03 00:00:00",jinsung
거시경제및일반지표,가계대출,M,,,,,,2016-10-01,전국,891837.3,"2018-03-03 00:00:00",jinsung
거시경제및일반지표,가계대출,M,,,,,,2016-11-01,전국,903488.8,"2018-03-03 00:00:00",jinsung
거시경제및일반지표,가계대출,M,,,,,,2016-12-01,전국,908675.7,"2018-03-03 00:00:00",jinsung
거시경제및일반지표,가계대출,M,,,,,,2017-01-01,전국,908985,"2018-03-03 00:00:00",jinsung
거시경제및일반지표,가계대출,M,,,,,,2017-02-01,전국,912946.4,"2018-03-03 00:00:00",jinsung
거시경제및일반지표,가계대출,M,,,,,,2017-03-01,전국,917092.7,"2018-03-03 00:00:00",jinsung
거시경제및일반지표,가계대출,M,,,,,,2017-04-01,전국,922033.7,"2018-03-03 00:00:00",jinsung
거시경제및일반지표,가계대출,M,,,,,,2017-05-01,전국,929148.3,"2018-03-03 00:00:00",jinsung
거시경제및일반지표,가계대출,M,,,,,,2017-06-01,전국,935349.8,"2018-03-03 00:00:00",jinsung
거시경제및일반지표,가계대출,M,,,,,,2017-07-01,전국,941743.1,"2018-03-03 00:00:00",jinsung
거시경제및일반지표,가계대출,M,,,,,,2017-08-01,전국,949144.2,"2018-03-03 00:00:00",jinsung
거시경제및일반지표,가계대출,M,,,,,,2017-09-01,전국,954593.1,"2018-03-03 00:00:00",jinsung
거시경제및일반지표,가계대출,M,,,,,,2017-10-01,전국,962261.4,"2018-03-03 00:00:00",jinsung
거시경제및일반지표,가계대출,M,,,,,,2017-11-01,전국,970075.9,"2018-03-03 00:00:00",jinsung
거시경제및일반지표,가계대출,M,,,,,,2013-02-01,서울특별시,201769.3,"2018-03-03 00:00:00",jinsung
거시경제및일반지표,가계대출,M,,,,,,2013-03-01,서울특별시,201455.5,"2018-03-03 00:00:00",jinsung
거시경제및일반지표,가계대출,M,,,,,,2013-04-01,서울특별시,201619.4,"2018-03-03 00:00:00",jinsung
거시경제및일반지표,가계대출,M,,,,,,2013-05-01,서울특별시,202432.8,"2018-03-03 00:00:00",jinsung
거시경제및일반지표,가계대출,M,,,,,,2013-06-01,서울특별시,203424.2,"2018-03-03 00:00:00",jinsung
거시경제및일반지표,가계대출,M,,,,,,2013-07-01,서울특별시,203674.9,"2018-03-03 00:00:00",jinsung
거시경제및일반지표,가계대출,M,,,,,,2013-08-01,서울특별시,204439.8,"2018-03-03 00:00:00",jinsung
거시경제및일반지표,가계대출,M,,,,,,2013-09-01,서울특별시,204072,"2018-03-03 00:00:00",jinsung
거시경제및일반지표,가계대출,M,,,,,,2013-10-01,서울특별시,204918.8,"2018-03-03 00:00:00",jinsung
거시경제및일반지표,가계대출,M,,,,,,2013-11-01,서울특별시,205644.3,"2018-03-03 00:00:00",jinsung
거시경제및일반지표,가계대출,M,,,,,,2013-12-01,서울특별시,206165.4,"2018-03-03 00:00:00",jinsung
거시경제및일반지표,가계대출,M,,,,,,2014-01-01,서울특별시,205474.2,"2018-03-03 00:00:00",jinsung
거시경제및일반지표,가계대출,M,,,,,,2014-02-01,서울특별시,206699.2,"2018-03-03 00:00:00",jinsung
거시경제및일반지표,가계대출,M,,,,,,2014-03-01,서울특별시,207186.6,"2018-03-03 00:00:00",jinsung
거시경제및일반지표,가계대출,M,,,,,,2014-04-01,서울특별시,207150.9,"2018-03-03 00:00:00",jinsung
거시경제및일반지표,가계대출,M,,,,,,2014-05-01,서울특별시,207785.8,"2018-03-03 00:00:00",jinsung
거시경제및일반지표,가계대출,M,,,,,,2014-06-01,서울특별시,208889.2,"2018-03-03 00:00:00",jinsung
거시경제및일반지표,가계대출,M,,,,,,2014-07-01,서울특별시,210420.6,"2018-03-03 00:00:00",jinsung
거시경제및일반지표,가계대출,M,,,,,,2014-08-01,서울특별시,211969.8,"2018-03-03 00:00:00",jinsung
거시경제및일반지표,가계대출,M,,,,,,2014-09-01,서울특별시,213659.1,"2018-03-03 00:00:00",jinsung
거시경제및일반지표,가계대출,M,,,,,,2014-10-01,서울특별시,216056.6,"2018-03-03 00:00:00",jinsung
거시경제및일반지표,가계대출,M,,,,,,2014-11-01,서울특별시,218316.7,"2018-03-03 00:00:00",jinsung
거시경제및일반지표,가계대출,M,,,,,,2014-12-01,서울특별시,220029.4,"2018-03-03 00:00:00",jinsung
거시경제및일반지표,가계대출,M,,,,,,2015-01-01,서울특별시,220284.1,"2018-03-03 00:00:00",jinsung
거시경제및일반지표,가계대출,M,,,,,,2015-02-01,서울특별시,221505.3,"2018-03-03 00:00:00",jinsung
거시경제및일반지표,가계대출,M,,,,,,2015-03-01,서울특별시,224154.7,"2018-03-03 00:00:00",jinsung
거시경제및일반지표,가계대출,M,,,,,,2015-04-01,서울특별시,227508.7,"2018-03-03 00:00:00",jinsung
거시경제및일반지표,가계대출,M,,,,,,2015-05-01,서울특별시,227988.2,"2018-03-03 00:00:00",jinsung
거시경제및일반지표,가계대출,M,,,,,,2015-06-01,서울특별시,225316.8,"2018-03-03 00:00:00",jinsung
거시경제및일반지표,가계대출,M,,,,,,2015-07-01,서울특별시,226550.3,"2018-03-03 00:00:00",jinsung
거시경제및일반지표,가계대출,M,,,,,,2015-08-01,서울특별시,229232,"2018-03-03 00:00:00",jinsung
거시경제및일반지표,가계대출,M,,,,,,2015-09-01,서울특별시,231447.4,"2018-03-03 00:00:00",jinsung
거시경제및일반지표,가계대출,M,,,,,,2015-10-01,서울특별시,235143.2,"2018-03-03 00:00:00",jinsung
거시경제및일반지표,가계대출,M,,,,,,2015-11-01,서울특별시,237522.8,"2018-03-03 00:00:00",jinsung
거시경제및일반지표,가계대출,M,,,,,,2015-12-01,서울특별시,240077.4,"2018-03-03 00:00:00",jinsung
거시경제및일반지표,가계대출,M,,,,,,2016-01-01,서울특별시,240962.8,"2018-03-03 00:00:00",jinsung
거시경제및일반지표,가계대출,M,,,,,,2016-02-01,서울특별시,242122.1,"2018-03-03 00:00:00",jinsung
거시경제및일반지표,가계대출,M,,,,,,2016-03-01,서울특별시,243770,"2018-03-03 00:00:00",jinsung
거시경제및일반지표,가계대출,M,,,,,,2016-04-01,서울특별시,245370.9,"2018-03-03 00:00:00",jinsung
거시경제및일반지표,가계대출,M,,,,,,2016-05-01,서울특별시,248027.8,"2018-03-03 00:00:00",jinsung
거시경제및일반지표,가계대출,M,,,,,,2016-06-01,서울특별시,250643.3,"2018-03-03 00:00:00",jinsung
거시경제및일반지표,가계대출,M,,,,,,2016-07-01,서울특별시,252964,"2018-03-03 00:00:00",jinsung
거시경제및일반지표,가계대출,M,,,,,,2016-08-01,서울특별시,256364.4,"2018-03-03 00:00:00",jinsung
거시경제및일반지표,가계대출,M,,,,,,2016-09-01,서울특별시,257848,"2018-03-03 00:00:00",jinsung
거시경제및일반지표,가계대출,M,,,,,,2016-10-01,서울특별시,260515.2,"2018-03-03 00:00:00",jinsung
거시경제및일반지표,가계대출,M,,,,,,2016-11-01,서울특별시,264195.3,"2018-03-03 00:00:00",jinsung
거시경제및일반지표,가계대출,M,,,,,,2016-12-01,서울특별시,264717.8,"2018-03-03 00:00:00",jinsung
거시경제및일반지표,가계대출,M,,,,,,2017-01-01,서울특별시,264643.3,"2018-03-03 00:00:00",jinsung
거시경제및일반지표,가계대출,M,,,,,,2017-02-01,서울특별시,265109,"2018-03-03 00:00:00",jinsung
거시경제및일반지표,가계대출,M,,,,,,2017-03-01,서울특별시,265554.8,"2018-03-03 00:00:00",jinsung
거시경제및일반지표,가계대출,M,,,,,,2017-04-01,서울특별시,266918,"2018-03-03 00:00:00",jinsung
거시경제및일반지표,가계대출,M,,,,,,2017-05-01,서울특별시,268800.7,"2018-03-03 00:00:00",jinsung
거시경제및일반지표,가계대출,M,,,,,,2017-06-01,서울특별시,270762.8,"2018-03-03 00:00:00",jinsung
거시경제및일반지표,가계대출,M,,,,,,2017-07-01,서울특별시,273382.3,"2018-03-03 00:00:00",jinsung
거시경제및일반지표,가계대출,M,,,,,,2017-08-01,서울특별시,277257.7,"2018-03-03 00:00:00",jinsung
거시경제및일반지표,가계대출,M,,,,,,2017-09-01,서울특별시,278542.7,"2018-03-03 00:00:00",jinsung
거시경제및일반지표,가계대출,M,,,,,,2017-10-01,서울특별시,280886.2,"2018-03-03 00:00:00",jinsung
거시경제및일반지표,가계대출,M,,,,,,2017-11-01,서울특별시,283726.9,"2018-03-03 00:00:00",jinsung
거시경제및일반지표,가계대출,M,,,,,,2013-02-01,부산광역시,37819.9,"2018-03-03 00:00:00",jinsung
거시경제및일반지표,가계대출,M,,,,,,2013-03-01,부산광역시,38004.7,"2018-03-03 00:00:00",jinsung
거시경제및일반지표,가계대출,M,,,,,,2013-04-01,부산광역시,38204.7,"2018-03-03 00:00:00",jinsung
거시경제및일반지표,가계대출,M,,,,,,2013-05-01,부산광역시,38520.4,"2018-03-03 00:00:00",jinsung
거시경제및일반지표,가계대출,M,,,,,,2013-06-01,부산광역시,39120.1,"2018-03-03 00:00:00",jinsung
거시경제및일반지표,가계대출,M,,,,,,2013-07-01,부산광역시,39246,"2018-03-03 00:00:00",jinsung
거시경제및일반지표,가계대출,M,,,,,,2013-08-01,부산광역시,39525.5,"2018-03-03 00:00:00",jinsung
거시경제및일반지표,가계대출,M,,,,,,2013-09-01,부산광역시,39600.1,"2018-03-03 00:00:00",jinsung
거시경제및일반지표,가계대출,M,,,,,,2013-10-01,부산광역시,39979.4,"2018-03-03 00:00:00",jinsung
거시경제및일반지표,가계대출,M,,,,,,2013-11-01,부산광역시,40463.3,"2018-03-03 00:00:00",jinsung
거시경제및일반지표,가계대출,M,,,,,,2013-12-01,부산광역시,40990.8,"2018-03-03 00:00:00",jinsung
거시경제및일반지표,가계대출,M,,,,,,2014-01-01,부산광역시,41055.7,"2018-03-03 00:00:00",jinsung
거시경제및일반지표,가계대출,M,,,,,,2014-02-01,부산광역시,41092.5,"2018-03-03 00:00:00",jinsung
거시경제및일반지표,가계대출,M,,,,,,2014-03-01,부산광역시,41331.9,"2018-03-03 00:00:00",jinsung
거시경제및일반지표,가계대출,M,,,,,,2014-04-01,부산광역시,41647,"2018-03-03 00:00:00",jinsung
거시경제및일반지표,가계대출,M,,,,,,2014-05-01,부산광역시,41823.8,"2018-03-03 00:00:00",jinsung
거시경제및일반지표,가계대출,M,,,,,,2014-06-01,부산광역시,42303.7,"2018-03-03 00:00:00",jinsung
거시경제및일반지표,가계대출,M,,,,,,2014-07-01,부산광역시,42726.4,"2018-03-03 00:00:00",jinsung
거시경제및일반지표,가계대출,M,,,,,,2014-08-01,부산광역시,42912.7,"2018-03-03 00:00:00",jinsung
거시경제및일반지표,가계대출,M,,,,,,2014-09-01,부산광역시,43264.5,"2018-03-03 00:00:00",jinsung
거시경제및일반지표,가계대출,M,,,,,,2014-10-01,부산광역시,43800.2,"2018-03-03 00:00:00",jinsung
거시경제및일반지표,가계대출,M,,,,,,2014-11-01,부산광역시,44240.4,"2018-03-03 00:00:00",jinsung
거시경제및일반지표,가계대출,M,,,,,,2014-12-01,부산광역시,44690.1,"2018-03-03 00:00:00",jinsung
거시경제및일반지표,가계대출,M,,,,,,2015-01-01,부산광역시,44691.4,"2018-03-03 00:00:00",jinsung
거시경제및일반지표,가계대출,M,,,,,,2015-02-01,부산광역시,45032.4,"2018-03-03 00:00:00",jinsung
거시경제및일반지표,가계대출,M,,,,,,2015-03-01,부산광역시,45172.4,"2018-03-03 00:00:00",jinsung
거시경제및일반지표,가계대출,M,,,,,,2015-04-01,부산광역시,45794.6,"2018-03-03 00:00:00",jinsung
거시경제및일반지표,가계대출,M,,,,,,2015-05-01,부산광역시,46111.4,"2018-03-03 00:00:00",jinsung
거시경제및일반지표,가계대출,M,,,,,,2015-06-01,부산광역시,45641.9,"2018-03-03 00:00:00",jinsung
거시경제및일반지표,가계대출,M,,,,,,2015-07-01,부산광역시,45772.2,"2018-03-03 00:00:00",jinsung
거시경제및일반지표,가계대출,M,,,,,,2015-08-01,부산광역시,46353.7,"2018-03-03 00:00:00",jinsung
거시경제및일반지표,가계대출,M,,,,,,2015-09-01,부산광역시,46806.2,"2018-03-03 00:00:00",jinsung
거시경제및일반지표,가계대출,M,,,,,,2015-10-01,부산광역시,47579.5,"2018-03-03 00:00:00",jinsung
거시경제및일반지표,가계대출,M,,,,,,2015-11-01,부산광역시,48185.4,"2018-03-03 00:00:00",jinsung
거시경제및일반지표,가계대출,M,,,,,,2015-12-01,부산광역시,49040.8,"2018-03-03 00:00:00",jinsung
거시경제및일반지표,가계대출,M,,,,,,2016-01-01,부산광역시,49082.7,"2018-03-03 00:00:00",jinsung
거시경제및일반지표,가계대출,M,,,,,,2016-02-01,부산광역시,49179.8,"2018-03-03 00:00:00",jinsung
거시경제및일반지표,가계대출,M,,,,,,2016-03-01,부산광역시,49487.7,"2018-03-03 00:00:00",jinsung
거시경제및일반지표,가계대출,M,,,,,,2016-04-01,부산광역시,50143.3,"2018-03-03 00:00:00",jinsung
거시경제및일반지표,가계대출,M,,,,,,2016-05-01,부산광역시,50981.5,"2018-03-03 00:00:00",jinsung
거시경제및일반지표,가계대출,M,,,,,,2016-06-01,부산광역시,51801.3,"2018-03-03 00:00:00",jinsung
거시경제및일반지표,가계대출,M,,,,,,2016-07-01,부산광역시,52270,"2018-03-03 00:00:00",jinsung
거시경제및일반지표,가계대출,M,,,,,,2016-08-01,부산광역시,53053.9,"2018-03-03 00:00:00",jinsung
거시경제및일반지표,가계대출,M,,,,,,2016-09-01,부산광역시,53577.1,"2018-03-03 00:00:00",jinsung
거시경제및일반지표,가계대출,M,,,,,,2016-10-01,부산광역시,54425.7,"2018-03-03 00:00:00",jinsung
거시경제및일반지표,가계대출,M,,,,,,2016-11-01,부산광역시,55157,"2018-03-03 00:00:00",jinsung
거시경제및일반지표,가계대출,M,,,,,,2016-12-01,부산광역시,55574.9,"2018-03-03 00:00:00",jinsung
거시경제및일반지표,가계대출,M,,,,,,2017-01-01,부산광역시,55789.9,"2018-03-03 00:00:00",jinsung
거시경제및일반지표,가계대출,M,,,,,,2017-02-01,부산광역시,56423.2,"2018-03-03 00:00:00",jinsung
거시경제및일반지표,가계대출,M,,,,,,2017-03-01,부산광역시,56795.6,"2018-03-03 00:00:00",jinsung
거시경제및일반지표,가계대출,M,,,,,,2017-04-01,부산광역시,57024.4,"2018-03-03 00:00:00",jinsung
거시경제및일반지표,가계대출,M,,,,,,2017-05-01,부산광역시,57758.5,"2018-03-03 00:00:00",jinsung
거시경제및일반지표,가계대출,M,,,,,,2017-06-01,부산광역시,58409.1,"2018-03-03 00:00:00",jinsung
거시경제및일반지표,가계대출,M,,,,,,2017-07-01,부산광역시,58849.9,"2018-03-03 00:00:00",jinsung
거시경제및일반지표,가계대출,M,,,,,,2017-08-01,부산광역시,59320.4,"2018-03-03 00:00:00",jinsung
거시경제및일반지표,가계대출,M,,,,,,2017-09-01,부산광역시,59569.4,"2018-03-03 00:00:00",jinsung
거시경제및일반지표,가계대출,M,,,,,,2017-10-01,부산광역시,60241.8,"2018-03-03 00:00:00",jinsung
거시경제및일반지표,가계대출,M,,,,,,2017-11-01,부산광역시,60746.2,"2018-03-03 00:00:00",jinsung
거시경제및일반지표,가계대출,M,,,,,,2013-02-01,대구광역시,23731.3,"2018-03-03 00:00:00",jinsung
거시경제및일반지표,가계대출,M,,,,,,2013-03-01,대구광역시,23919.2,"2018-03-03 00:00:00",jinsung
거시경제및일반지표,가계대출,M,,,,,,2013-04-01,대구광역시,24120,"2018-03-03 00:00:00",jinsung
거시경제및일반지표,가계대출,M,,,,,,2013-05-01,대구광역시,24282.6,"2018-03-03 00:00:00",jinsung
거시경제및일반지표,가계대출,M,,,,,,2013-06-01,대구광역시,24725,"2018-03-03 00:00:00",jinsung
거시경제및일반지표,가계대출,M,,,,,,2013-07-01,대구광역시,24797,"2018-03-03 00:00:00",jinsung
거시경제및일반지표,가계대출,M,,,,,,2013-08-01,대구광역시,25027.7,"2018-03-03 00:00:00",jinsung
거시경제및일반지표,가계대출,M,,,,,,2013-09-01,대구광역시,25236.7,"2018-03-03 00:00:00",jinsung
거시경제및일반지표,가계대출,M,,,,,,2013-10-01,대구광역시,25462.8,"2018-03-03 00:00:00",jinsung
거시경제및일반지표,가계대출,M,,,,,,2013-11-01,대구광역시,25769.5,"2018-03-03 00:00:00",jinsung
거시경제및일반지표,가계대출,M,,,,,,2013-12-01,대구광역시,26340.2,"2018-03-03 00:00:00",jinsung
거시경제및일반지표,가계대출,M,,,,,,2014-01-01,대구광역시,26356.1,"2018-03-03 00:00:00",jinsung
거시경제및일반지표,가계대출,M,,,,,,2014-02-01,대구광역시,26599.1,"2018-03-03 00:00:00",jinsung
거시경제및일반지표,가계대출,M,,,,,,2014-03-01,대구광역시,26841.7,"2018-03-03 00:00:00",jinsung
거시경제및일반지표,가계대출,M,,,,,,2014-04-01,대구광역시,27238.6,"2018-03-03 00:00:00",jinsung
거시경제및일반지표,가계대출,M,,,,,,2014-05-01,대구광역시,27467.2,"2018-03-03 00:00:00",jinsung
거시경제및일반지표,가계대출,M,,,,,,2014-06-01,대구광역시,27882.2,"2018-03-03 00:00:00",jinsung
거시경제및일반지표,가계대출,M,,,,,,2014-07-01,대구광역시,28410.2,"2018-03-03 00:00:00",jinsung
거시경제및일반지표,가계대출,M,,,,,,2014-08-01,대구광역시,28822.3,"2018-03-03 00:00:00",jinsung
거시경제및일반지표,가계대출,M,,,,,,2014-09-01,대구광역시,29321.6,"2018-03-03 00:00:00",jinsung
거시경제및일반지표,가계대출,M,,,,,,2014-10-01,대구광역시,29897.1,"2018-03-03 00:00:00",jinsung
거시경제및일반지표,가계대출,M,,,,,,2014-11-01,대구광역시,30421.4,"2018-03-03 00:00:00",jinsung
거시경제및일반지표,가계대출,M,,,,,,2014-12-01,대구광역시,30937.4,"2018-03-03 00:00:00",jinsung
거시경제및일반지표,가계대출,M,,,,,,2015-01-01,대구광역시,31160.7,"2018-03-03 00:00:00",jinsung
거시경제및일반지표,가계대출,M,,,,,,2015-02-01,대구광역시,31608.6,"2018-03-03 00:00:00",jinsung
거시경제및일반지표,가계대출,M,,,,,,2015-03-01,대구광역시,31925.3,"2018-03-03 00:00:00",jinsung
거시경제및일반지표,가계대출,M,,,,,,2015-04-01,대구광역시,32486.3,"2018-03-03 00:00:00",jinsung
거시경제및일반지표,가계대출,M,,,,,,2015-05-01,대구광역시,32956.8,"2018-03-03 00:00:00",jinsung
거시경제및일반지표,가계대출,M,,,,,,2015-06-01,대구광역시,33444.5,"2018-03-03 00:00:00",jinsung
거시경제및일반지표,가계대출,M,,,,,,2015-07-01,대구광역시,33791.3,"2018-03-03 00:00:00",jinsung
거시경제및일반지표,가계대출,M,,,,,,2015-08-01,대구광역시,34416,"2018-03-03 00:00:00",jinsung
거시경제및일반지표,가계대출,M,,,,,,2015-09-01,대구광역시,34798.2,"2018-03-03 00:00:00",jinsung
거시경제및일반지표,가계대출,M,,,,,,2015-10-01,대구광역시,35532.5,"2018-03-03 00:00:00",jinsung
거시경제및일반지표,가계대출,M,,,,,,2015-11-01,대구광역시,35895.9,"2018-03-03 00:00:00",jinsung
거시경제및일반지표,가계대출,M,,,,,,2015-12-01,대구광역시,36423.7,"2018-03-03 00:00:00",jinsung
거시경제및일반지표,가계대출,M,,,,,,2016-01-01,대구광역시,36715,"2018-03-03 00:00:00",jinsung
거시경제및일반지표,가계대출,M,,,,,,2016-02-01,대구광역시,36886.7,"2018-03-03 00:00:00",jinsung
거시경제및일반지표,가계대출,M,,,,,,2016-03-01,대구광역시,37126,"2018-03-03 00:00:00",jinsung
거시경제및일반지표,가계대출,M,,,,,,2016-04-01,대구광역시,37467.5,"2018-03-03 00:00:00",jinsung
거시경제및일반지표,가계대출,M,,,,,,2016-05-01,대구광역시,37819.3,"2018-03-03 00:00:00",jinsung
거시경제및일반지표,가계대출,M,,,,,,2016-06-01,대구광역시,38229.4,"2018-03-03 00:00:00",jinsung
거시경제및일반지표,가계대출,M,,,,,,2016-07-01,대구광역시,38364.1,"2018-03-03 00:00:00",jinsung
거시경제및일반지표,가계대출,M,,,,,,2016-08-01,대구광역시,38739.7,"2018-03-03 00:00:00",jinsung
거시경제및일반지표,가계대출,M,,,,,,2016-09-01,대구광역시,38913.9,"2018-03-03 00:00:00",jinsung
거시경제및일반지표,가계대출,M,,,,,,2016-10-01,대구광역시,39093.8,"2018-03-03 00:00:00",jinsung
거시경제및일반지표,가계대출,M,,,,,,2016-11-01,대구광역시,39236.3,"2018-03-03 00:00:00",jinsung
거시경제및일반지표,가계대출,M,,,,,,2016-12-01,대구광역시,39313.1,"2018-03-03 00:00:00",jinsung
거시경제및일반지표,가계대출,M,,,,,,2017-01-01,대구광역시,39182.7,"2018-03-03 00:00:00",jinsung
거시경제및일반지표,가계대출,M,,,,,,2017-02-01,대구광역시,39301.6,"2018-03-03 00:00:00",jinsung
거시경제및일반지표,가계대출,M,,,,,,2017-03-01,대구광역시,39397.9,"2018-03-03 00:00:00",jinsung
거시경제및일반지표,가계대출,M,,,,,,2017-04-01,대구광역시,39624.6,"2018-03-03 00:00:00",jinsung
거시경제및일반지표,가계대출,M,,,,,,2017-05-01,대구광역시,39809.7,"2018-03-03 00:00:00",jinsung
거시경제및일반지표,가계대출,M,,,,,,2017-06-01,대구광역시,39711.8,"2018-03-03 00:00:00",jinsung
거시경제및일반지표,가계대출,M,,,,,,2017-07-01,대구광역시,39877.9,"2018-03-03 00:00:00",jinsung
거시경제및일반지표,가계대출,M,,,,,,2017-08-01,대구광역시,39888.5,"2018-03-03 00:00:00",jinsung
거시경제및일반지표,가계대출,M,,,,,,2017-09-01,대구광역시,39944.3,"2018-03-03 00:00:00",jinsung
거시경제및일반지표,가계대출,M,,,,,,2017-10-01,대구광역시,40105.2,"2018-03-03 00:00:00",jinsung
거시경제및일반지표,가계대출,M,,,,,,2017-11-01,대구광역시,40379.6,"2018-03-03 00:00:00",jinsung
거시경제및일반지표,가계대출,M,,,,,,2013-02-01,인천광역시,40557.2,"2018-03-03 00:00:00",jinsung
거시경제및일반지표,가계대출,M,,,,,,2013-03-01,인천광역시,40615.6,"2018-03-03 00:00:00",jinsung
거시경제및일반지표,가계대출,M,,,,,,2013-04-01,인천광역시,40500.8,"2018-03-03 00:00:00",jinsung
거시경제및일반지표,가계대출,M,,,,,,2013-05-01,인천광역시,40609.9,"2018-03-03 00:00:00",jinsung
거시경제및일반지표,가계대출,M,,,,,,2013-06-01,인천광역시,40687.9,"2018-03-03 00:00:00",jinsung
거시경제및일반지표,가계대출,M,,,,,,2013-07-01,인천광역시,40524.6,"2018-03-03 00:00:00",jinsung
거시경제및일반지표,가계대출,M,,,,,,2013-08-01,인천광역시,40471.1,"2018-03-03 00:00:00",jinsung
거시경제및일반지표,가계대출,M,,,,,,2013-09-01,인천광역시,40458.3,"2018-03-03 00:00:00",jinsung
거시경제및일반지표,가계대출,M,,,,,,2013-10-01,인천광역시,40440.7,"2018-03-03 00:00:00",jinsung
거시경제및일반지표,가계대출,M,,,,,,2013-11-01,인천광역시,40650.2,"2018-03-03 00:00:00",jinsung
거시경제및일반지표,가계대출,M,,,,,,2013-12-01,인천광역시,40825.2,"2018-03-03 00:00:00",jinsung
거시경제및일반지표,가계대출,M,,,,,,2014-01-01,인천광역시,40777.1,"2018-03-03 00:00:00",jinsung
거시경제및일반지표,가계대출,M,,,,,,2014-02-01,인천광역시,40697.2,"2018-03-03 00:00:00",jinsung
거시경제및일반지표,가계대출,M,,,,,,2014-03-01,인천광역시,40658.6,"2018-03-03 00:00:00",jinsung
거시경제및일반지표,가계대출,M,,,,,,2014-04-01,인천광역시,40693.6,"2018-03-03 00:00:00",jinsung
거시경제및일반지표,가계대출,M,,,,,,2014-05-01,인천광역시,40821.4,"2018-03-03 00:00:00",jinsung
거시경제및일반지표,가계대출,M,,,,,,2014-06-01,인천광역시,40926,"2018-03-03 00:00:00",jinsung
거시경제및일반지표,가계대출,M,,,,,,2014-07-01,인천광역시,41070,"2018-03-03 00:00:00",jinsung
거시경제및일반지표,가계대출,M,,,,,,2014-08-01,인천광역시,41378.5,"2018-03-03 00:00:00",jinsung
거시경제및일반지표,가계대출,M,,,,,,2014-09-01,인천광역시,41654.4,"2018-03-03 00:00:00",jinsung
거시경제및일반지표,가계대출,M,,,,,,2014-10-01,인천광역시,41947.7,"2018-03-03 00:00:00",jinsung
거시경제및일반지표,가계대출,M,,,,,,2014-11-01,인천광역시,42276.1,"2018-03-03 00:00:00",jinsung
거시경제및일반지표,가계대출,M,,,,,,2014-12-01,인천광역시,42672.9,"2018-03-03 00:00:00",jinsung
거시경제및일반지표,가계대출,M,,,,,,2015-01-01,인천광역시,42669.6,"2018-03-03 00:00:00",jinsung
거시경제및일반지표,가계대출,M,,,,,,2015-02-01,인천광역시,42769.3,"2018-03-03 00:00:00",jinsung
거시경제및일반지표,가계대출,M,,,,,,2015-03-01,인천광역시,42773.2,"2018-03-03 00:00:00",jinsung
거시경제및일반지표,가계대출,M,,,,,,2015-04-01,인천광역시,43258.5,"2018-03-03 00:00:00",jinsung
거시경제및일반지표,가계대출,M,,,,,,2015-05-01,인천광역시,43184.3,"2018-03-03 00:00:00",jinsung
거시경제및일반지표,가계대출,M,,,,,,2015-06-01,인천광역시,41785.4,"2018-03-03 00:00:00",jinsung
거시경제및일반지표,가계대출,M,,,,,,2015-07-01,인천광역시,41676.2,"2018-03-03 00:00:00",jinsung
거시경제및일반지표,가계대출,M,,,,,,2015-08-01,인천광역시,42237.3,"2018-03-03 00:00:00",jinsung
거시경제및일반지표,가계대출,M,,,,,,2015-09-01,인천광역시,42694.4,"2018-03-03 00:00:00",jinsung
거시경제및일반지표,가계대출,M,,,,,,2015-10-01,인천광역시,43197.9,"2018-03-03 00:00:00",jinsung
거시경제및일반지표,가계대출,M,,,,,,2015-11-01,인천광역시,43550.7,"2018-03-03 00:00:00",jinsung
거시경제및일반지표,가계대출,M,,,,,,2015-12-01,인천광역시,43940.7,"2018-03-03 00:00:00",jinsung
거시경제및일반지표,가계대출,M,,,,,,2016-01-01,인천광역시,43997.2,"2018-03-03 00:00:00",jinsung
거시경제및일반지표,가계대출,M,,,,,,2016-02-01,인천광역시,44107.8,"2018-03-03 00:00:00",jinsung
거시경제및일반지표,가계대출,M,,,,,,2016-03-01,인천광역시,44427.5,"2018-03-03 00:00:00",jinsung
거시경제및일반지표,가계대출,M,,,,,,2016-04-01,인천광역시,44917.4,"2018-03-03 00:00:00",jinsung
거시경제및일반지표,가계대출,M,,,,,,2016-05-01,인천광역시,45511.7,"2018-03-03 00:00:00",jinsung
거시경제및일반지표,가계대출,M,,,,,,2016-06-01,인천광역시,46048,"2018-03-03 00:00:00",jinsung
거시경제및일반지표,가계대출,M,,,,,,2016-07-01,인천광역시,46815.6,"2018-03-03 00:00:00",jinsung
거시경제및일반지표,가계대출,M,,,,,,2016-08-01,인천광역시,47668.6,"2018-03-03 00:00:00",jinsung
거시경제및일반지표,가계대출,M,,,,,,2016-09-01,인천광역시,48356.5,"2018-03-03 00:00:00",jinsung
거시경제및일반지표,가계대출,M,,,,,,2016-10-01,인천광역시,48833.9,"2018-03-03 00:00:00",jinsung
거시경제및일반지표,가계대출,M,,,,,,2016-11-01,인천광역시,49362,"2018-03-03 00:00:00",jinsung
거시경제및일반지표,가계대출,M,,,,,,2016-12-01,인천광역시,49537.9,"2018-03-03 00:00:00",jinsung
거시경제및일반지표,가계대출,M,,,,,,2017-01-01,인천광역시,49455.8,"2018-03-03 00:00:00",jinsung
거시경제및일반지표,가계대출,M,,,,,,2017-02-01,인천광역시,49760.5,"2018-03-03 00:00:00",jinsung
거시경제및일반지표,가계대출,M,,,,,,2017-03-01,인천광역시,50095.3,"2018-03-03 00:00:00",jinsung
거시경제및일반지표,가계대출,M,,,,,,2017-04-01,인천광역시,50420.9,"2018-03-03 00:00:00",jinsung
거시경제및일반지표,가계대출,M,,,,,,2017-05-01,인천광역시,50977.1,"2018-03-03 00:00:00",jinsung
거시경제및일반지표,가계대출,M,,,,,,2017-06-01,인천광역시,51117.7,"2018-03-03 00:00:00",jinsung
거시경제및일반지표,가계대출,M,,,,,,2017-07-01,인천광역시,51611.5,"2018-03-03 00:00:00",jinsung
거시경제및일반지표,가계대출,M,,,,,,2017-08-01,인천광역시,51936.4,"2018-03-03 00:00:00",jinsung
거시경제및일반지표,가계대출,M,,,,,,2017-09-01,인천광역시,52609,"2018-03-03 00:00:00",jinsung
거시경제및일반지표,가계대출,M,,,,,,2017-10-01,인천광역시,53018.6,"2018-03-03 00:00:00",jinsung
거시경제및일반지표,가계대출,M,,,,,,2017-11-01,인천광역시,53232.6,"2018-03-03 00:00:00",jinsung
거시경제및일반지표,가계대출,M,,,,,,2013-02-01,광주광역시,14807.2,"2018-03-03 00:00:00",jinsung
거시경제및일반지표,가계대출,M,,,,,,2013-03-01,광주광역시,14884.8,"2018-03-03 00:00:00",jinsung
거시경제및일반지표,가계대출,M,,,,,,2013-04-01,광주광역시,14842.2,"2018-03-03 00:00:00",jinsung
거시경제및일반지표,가계대출,M,,,,,,2013-05-01,광주광역시,15050.9,"2018-03-03 00:00:00",jinsung
거시경제및일반지표,가계대출,M,,,,,,2013-06-01,광주광역시,15282.5,"2018-03-03 00:00:00",jinsung
거시경제및일반지표,가계대출,M,,,,,,2013-07-01,광주광역시,15335.9,"2018-03-03 00:00:00",jinsung
거시경제및일반지표,가계대출,M,,,,,,2013-08-01,광주광역시,15504.7,"2018-03-03 00:00:00",jinsung
거시경제및일반지표,가계대출,M,,,,,,2013-09-01,광주광역시,15504.8,"2018-03-03 00:00:00",jinsung
거시경제및일반지표,가계대출,M,,,,,,2013-10-01,광주광역시,15490.5,"2018-03-03 00:00:00",jinsung
거시경제및일반지표,가계대출,M,,,,,,2013-11-01,광주광역시,15709.6,"2018-03-03 00:00:00",jinsung
거시경제및일반지표,가계대출,M,,,,,,2013-12-01,광주광역시,16038.4,"2018-03-03 00:00:00",jinsung
거시경제및일반지표,가계대출,M,,,,,,2014-01-01,광주광역시,15807,"2018-03-03 00:00:00",jinsung
거시경제및일반지표,가계대출,M,,,,,,2014-02-01,광주광역시,15812.1,"2018-03-03 00:00:00",jinsung
거시경제및일반지표,가계대출,M,,,,,,2014-03-01,광주광역시,15853.6,"2018-03-03 00:00:00",jinsung
거시경제및일반지표,가계대출,M,,,,,,2014-04-01,광주광역시,15980.1,"2018-03-03 00:00:00",jinsung
거시경제및일반지표,가계대출,M,,,,,,2014-05-01,광주광역시,16067.1,"2018-03-03 00:00:00",jinsung
거시경제및일반지표,가계대출,M,,,,,,2014-06-01,광주광역시,16266.8,"2018-03-03 00:00:00",jinsung
거시경제및일반지표,가계대출,M,,,,,,2014-07-01,광주광역시,16523.8,"2018-03-03 00:00:00",jinsung
거시경제및일반지표,가계대출,M,,,,,,2014-08-01,광주광역시,16545.7,"2018-03-03 00:00:00",jinsung
거시경제및일반지표,가계대출,M,,,,,,2014-09-01,광주광역시,16569.3,"2018-03-03 00:00:00",jinsung
거시경제및일반지표,가계대출,M,,,,,,2014-10-01,광주광역시,16706,"2018-03-03 00:00:00",jinsung
거시경제및일반지표,가계대출,M,,,,,,2014-11-01,광주광역시,16846.4,"2018-03-03 00:00:00",jinsung
거시경제및일반지표,가계대출,M,,,,,,2014-12-01,광주광역시,17127.7,"2018-03-03 00:00:00",jinsung
거시경제및일반지표,가계대출,M,,,,,,2015-01-01,광주광역시,17120.5,"2018-03-03 00:00:00",jinsung
거시경제및일반지표,가계대출,M,,,,,,2015-02-01,광주광역시,17242.7,"2018-03-03 00:00:00",jinsung
거시경제및일반지표,가계대출,M,,,,,,2015-03-01,광주광역시,17370,"2018-03-03 00:00:00",jinsung
거시경제및일반지표,가계대출,M,,,,,,2015-04-01,광주광역시,17658.8,"2018-03-03 00:00:00",jinsung
거시경제및일반지표,가계대출,M,,,,,,2015-05-01,광주광역시,17725.5,"2018-03-03 00:00:00",jinsung
거시경제및일반지표,가계대출,M,,,,,,2015-06-01,광주광역시,17886.5,"2018-03-03 00:00:00",jinsung
거시경제및일반지표,가계대출,M,,,,,,2015-07-01,광주광역시,17908.8,"2018-03-03 00:00:00",jinsung
거시경제및일반지표,가계대출,M,,,,,,2015-08-01,광주광역시,18107.1,"2018-03-03 00:00:00",jinsung
거시경제및일반지표,가계대출,M,,,,,,2015-09-01,광주광역시,18266.8,"2018-03-03 00:00:00",jinsung
거시경제및일반지표,가계대출,M,,,,,,2015-10-01,광주광역시,18657.5,"2018-03-03 00:00:00",jinsung
거시경제및일반지표,가계대출,M,,,,,,2015-11-01,광주광역시,18887.8,"2018-03-03 00:00:00",jinsung
거시경제및일반지표,가계대출,M,,,,,,2015-12-01,광주광역시,19247.6,"2018-03-03 00:00:00",jinsung
거시경제및일반지표,가계대출,M,,,,,,2016-01-01,광주광역시,19280.8,"2018-03-03 00:00:00",jinsung
거시경제및일반지표,가계대출,M,,,,,,2016-02-01,광주광역시,19373.4,"2018-03-03 00:00:00",jinsung
거시경제및일반지표,가계대출,M,,,,,,2016-03-01,광주광역시,19468.5,"2018-03-03 00:00:00",jinsung
거시경제및일반지표,가계대출,M,,,,,,2016-04-01,광주광역시,19736.2,"2018-03-03 00:00:00",jinsung
거시경제및일반지표,가계대출,M,,,,,,2016-05-01,광주광역시,20001,"2018-03-03 00:00:00",jinsung
거시경제및일반지표,가계대출,M,,,,,,2016-06-01,광주광역시,20231.8,"2018-03-03 00:00:00",jinsung
거시경제및일반지표,가계대출,M,,,,,,2016-07-01,광주광역시,20478.7,"2018-03-03 00:00:00",jinsung
거시경제및일반지표,가계대출,M,,,,,,2016-08-01,광주광역시,20733.7,"2018-03-03 00:00:00",jinsung
거시경제및일반지표,가계대출,M,,,,,,2016-09-01,광주광역시,20958.6,"2018-03-03 00:00:00",jinsung
거시경제및일반지표,가계대출,M,,,,,,2016-10-01,광주광역시,21154.9,"2018-03-03 00:00:00",jinsung
거시경제및일반지표,가계대출,M,,,,,,2016-11-01,광주광역시,21444.7,"2018-03-03 00:00:00",jinsung
거시경제및일반지표,가계대출,M,,,,,,2016-12-01,광주광역시,21727.2,"2018-03-03 00:00:00",jinsung
거시경제및일반지표,가계대출,M,,,,,,2017-01-01,광주광역시,21603,"2018-03-03 00:00:00",jinsung
거시경제및일반지표,가계대출,M,,,,,,2017-02-01,광주광역시,21647.7,"2018-03-03 00:00:00",jinsung
거시경제및일반지표,가계대출,M,,,,,,2017-03-01,광주광역시,21770.9,"2018-03-03 00:00:00",jinsung
거시경제및일반지표,가계대출,M,,,,,,2017-04-01,광주광역시,21800.9,"2018-03-03 00:00:00",jinsung
거시경제및일반지표,가계대출,M,,,,,,2017-05-01,광주광역시,21930.3,"2018-03-03 00:00:00",jinsung
거시경제및일반지표,가계대출,M,,,,,,2017-06-01,광주광역시,21962.8,"2018-03-03 00:00:00",jinsung
거시경제및일반지표,가계대출,M,,,,,,2017-07-01,광주광역시,22004.3,"2018-03-03 00:00:00",jinsung
거시경제및일반지표,가계대출,M,,,,,,2017-08-01,광주광역시,22142.6,"2018-03-03 00:00:00",jinsung
거시경제및일반지표,가계대출,M,,,,,,2017-09-01,광주광역시,22269.9,"2018-03-03 00:00:00",jinsung
거시경제및일반지표,가계대출,M,,,,,,2017-10-01,광주광역시,22440.7,"2018-03-03 00:00:00",jinsung
거시경제및일반지표,가계대출,M,,,,,,2017-11-01,광주광역시,22688.1,"2018-03-03 00:00:00",jinsung
거시경제및일반지표,가계대출,M,,,,,,2013-02-01,대전광역시,17460.8,"2018-03-03 00:00:00",jinsung
거시경제및일반지표,가계대출,M,,,,,,2013-03-01,대전광역시,17536.2,"2018-03-03 00:00:00",jinsung
거시경제및일반지표,가계대출,M,,,,,,2013-04-01,대전광역시,17712.9,"2018-03-03 00:00:00",jinsung
거시경제및일반지표,가계대출,M,,,,,,2013-05-01,대전광역시,17855.8,"2018-03-03 00:00:00",jinsung
거시경제및일반지표,가계대출,M,,,,,,2013-06-01,대전광역시,18180.9,"2018-03-03 00:00:00",jinsung
거시경제및일반지표,가계대출,M,,,,,,2013-07-01,대전광역시,18196.4,"2018-03-03 00:00:00",jinsung
거시경제및일반지표,가계대출,M,,,,,,2013-08-01,대전광역시,18231.3,"2018-03-03 00:00:00",jinsung
거시경제및일반지표,가계대출,M,,,,,,2013-09-01,대전광역시,18393.7,"2018-03-03 00:00:00",jinsung
거시경제및일반지표,가계대출,M,,,,,,2013-10-01,대전광역시,18571,"2018-03-03 00:00:00",jinsung
거시경제및일반지표,가계대출,M,,,,,,2013-11-01,대전광역시,18845.4,"2018-03-03 00:00:00",jinsung
거시경제및일반지표,가계대출,M,,,,,,2013-12-01,대전광역시,19027.5,"2018-03-03 00:00:00",jinsung
거시경제및일반지표,가계대출,M,,,,,,2014-01-01,대전광역시,18956.3,"2018-03-03 00:00:00",jinsung
거시경제및일반지표,가계대출,M,,,,,,2014-02-01,대전광역시,19085.5,"2018-03-03 00:00:00",jinsung
거시경제및일반지표,가계대출,M,,,,,,2014-03-01,대전광역시,19230.7,"2018-03-03 00:00:00",jinsung
거시경제및일반지표,가계대출,M,,,,,,2014-04-01,대전광역시,19321.6,"2018-03-03 00:00:00",jinsung
거시경제및일반지표,가계대출,M,,,,,,2014-05-01,대전광역시,19425.8,"2018-03-03 00:00:00",jinsung
거시경제및일반지표,가계대출,M,,,,,,2014-06-01,대전광역시,19731.9,"2018-03-03 00:00:00",jinsung
거시경제및일반지표,가계대출,M,,,,,,2014-07-01,대전광역시,19881.8,"2018-03-03 00:00:00",jinsung
거시경제및일반지표,가계대출,M,,,,,,2014-08-01,대전광역시,19983.1,"2018-03-03 00:00:00",jinsung
거시경제및일반지표,가계대출,M,,,,,,2014-09-01,대전광역시,20077.9,"2018-03-03 00:00:00",jinsung
거시경제및일반지표,가계대출,M,,,,,,2014-10-01,대전광역시,20150.2,"2018-03-03 00:00:00",jinsung
거시경제및일반지표,가계대출,M,,,,,,2014-11-01,대전광역시,20282.5,"2018-03-03 00:00:00",jinsung
거시경제및일반지표,가계대출,M,,,,,,2014-12-01,대전광역시,20402.7,"2018-03-03 00:00:00",jinsung
거시경제및일반지표,가계대출,M,,,,,,2015-01-01,대전광역시,20357.4,"2018-03-03 00:00:00",jinsung
거시경제및일반지표,가계대출,M,,,,,,2015-02-01,대전광역시,20397.6,"2018-03-03 00:00:00",jinsung
거시경제및일반지표,가계대출,M,,,,,,2015-03-01,대전광역시,20488,"2018-03-03 00:00:00",jinsung
거시경제및일반지표,가계대출,M,,,,,,2015-04-01,대전광역시,20755.4,"2018-03-03 00:00:00",jinsung
거시경제및일반지표,가계대출,M,,,,,,2015-05-01,대전광역시,20775.6,"2018-03-03 00:00:00",jinsung
거시경제및일반지표,가계대출,M,,,,,,2015-06-01,대전광역시,20413.9,"2018-03-03 00:00:00",jinsung
거시경제및일반지표,가계대출,M,,,,,,2015-07-01,대전광역시,20454.3,"2018-03-03 00:00:00",jinsung
거시경제및일반지표,가계대출,M,,,,,,2015-08-01,대전광역시,20838.5,"2018-03-03 00:00:00",jinsung
거시경제및일반지표,가계대출,M,,,,,,2015-09-01,대전광역시,20816.2,"2018-03-03 00:00:00",jinsung
거시경제및일반지표,가계대출,M,,,,,,2015-10-01,대전광역시,21144.8,"2018-03-03 00:00:00",jinsung
거시경제및일반지표,가계대출,M,,,,,,2015-11-01,대전광역시,21219.8,"2018-03-03 00:00:00",jinsung
거시경제및일반지표,가계대출,M,,,,,,2015-12-01,대전광역시,21396.1,"2018-03-03 00:00:00",jinsung
거시경제및일반지표,가계대출,M,,,,,,2016-01-01,대전광역시,21423.6,"2018-03-03 00:00:00",jinsung
거시경제및일반지표,가계대출,M,,,,,,2016-02-01,대전광역시,21416.3,"2018-03-03 00:00:00",jinsung
거시경제및일반지표,가계대출,M,,,,,,2016-03-01,대전광역시,21595.7,"2018-03-03 00:00:00",jinsung
거시경제및일반지표,가계대출,M,,,,,,2016-04-01,대전광역시,21640.9,"2018-03-03 00:00:00",jinsung
거시경제및일반지표,가계대출,M,,,,,,2016-05-01,대전광역시,21816.8,"2018-03-03 00:00:00",jinsung
거시경제및일반지표,가계대출,M,,,,,,2016-06-01,대전광역시,22056.4,"2018-03-03 00:00:00",jinsung
거시경제및일반지표,가계대출,M,,,,,,2016-07-01,대전광역시,22261.1,"2018-03-03 00:00:00",jinsung
거시경제및일반지표,가계대출,M,,,,,,2016-08-01,대전광역시,22407.7,"2018-03-03 00:00:00",jinsung
거시경제및일반지표,가계대출,M,,,,,,2016-09-01,대전광역시,22608.2,"2018-03-03 00:00:00",jinsung
거시경제및일반지표,가계대출,M,,,,,,2016-10-01,대전광역시,22855.4,"2018-03-03 00:00:00",jinsung
거시경제및일반지표,가계대출,M,,,,,,2016-11-01,대전광역시,23128.1,"2018-03-03 00:00:00",jinsung
거시경제및일반지표,가계대출,M,,,,,,2016-12-01,대전광역시,23117.3,"2018-03-03 00:00:00",jinsung
거시경제및일반지표,가계대출,M,,,,,,2017-01-01,대전광역시,23055.3,"2018-03-03 00:00:00",jinsung
거시경제및일반지표,가계대출,M,,,,,,2017-02-01,대전광역시,23138.6,"2018-03-03 00:00:00",jinsung
거시경제및일반지표,가계대출,M,,,,,,2017-03-01,대전광역시,23204,"2018-03-03 00:00:00",jinsung
거시경제및일반지표,가계대출,M,,,,,,2017-04-01,대전광역시,23129.6,"2018-03-03 00:00:00",jinsung
거시경제및일반지표,가계대출,M,,,,,,2017-05-01,대전광역시,23316.1,"2018-03-03 00:00:00",jinsung
거시경제및일반지표,가계대출,M,,,,,,2017-06-01,대전광역시,23406.3,"2018-03-03 00:00:00",jinsung
거시경제및일반지표,가계대출,M,,,,,,2017-07-01,대전광역시,23510.9,"2018-03-03 00:00:00",jinsung
거시경제및일반지표,가계대출,M,,,,,,2017-08-01,대전광역시,23574.5,"2018-03-03 00:00:00",jinsung
거시경제및일반지표,가계대출,M,,,,,,2017-09-01,대전광역시,23730.1,"2018-03-03 00:00:00",jinsung
거시경제및일반지표,가계대출,M,,,,,,2017-10-01,대전광역시,23949.4,"2018-03-03 00:00:00",jinsung
거시경제및일반지표,가계대출,M,,,,,,2017-11-01,대전광역시,24088.4,"2018-03-03 00:00:00",jinsung
거시경제및일반지표,가계대출,M,,,,,,2013-02-01,울산광역시,12365.8,"2018-03-03 00:00:00",jinsung
거시경제및일반지표,가계대출,M,,,,,,2013-03-01,울산광역시,12435.8,"2018-03-03 00:00:00",jinsung
거시경제및일반지표,가계대출,M,,,,,,2013-04-01,울산광역시,12536.5,"2018-03-03 00:00:00",jinsung
거시경제및일반지표,가계대출,M,,,,,,2013-05-01,울산광역시,12732.2,"2018-03-03 00:00:00",jinsung
거시경제및일반지표,가계대출,M,,,,,,2013-06-01,울산광역시,12909.6,"2018-03-03 00:00:00",jinsung
거시경제및일반지표,가계대출,M,,,,,,2013-07-01,울산광역시,12935.6,"2018-03-03 00:00:00",jinsung
거시경제및일반지표,가계대출,M,,,,,,2013-08-01,울산광역시,13031.5,"2018-03-03 00:00:00",jinsung
거시경제및일반지표,가계대출,M,,,,,,2013-09-01,울산광역시,13049.4,"2018-03-03 00:00:00",jinsung
거시경제및일반지표,가계대출,M,,,,,,2013-10-01,울산광역시,13193.9,"2018-03-03 00:00:00",jinsung
거시경제및일반지표,가계대출,M,,,,,,2013-11-01,울산광역시,13336.2,"2018-03-03 00:00:00",jinsung
거시경제및일반지표,가계대출,M,,,,,,2013-12-01,울산광역시,13398.7,"2018-03-03 00:00:00",jinsung
거시경제및일반지표,가계대출,M,,,,,,2014-01-01,울산광역시,13374.1,"2018-03-03 00:00:00",jinsung
거시경제및일반지표,가계대출,M,,,,,,2014-02-01,울산광역시,13477.6,"2018-03-03 00:00:00",jinsung
거시경제및일반지표,가계대출,M,,,,,,2014-03-01,울산광역시,13554.4,"2018-03-03 00:00:00",jinsung
거시경제및일반지표,가계대출,M,,,,,,2014-04-01,울산광역시,13757.8,"2018-03-03 00:00:00",jinsung
거시경제및일반지표,가계대출,M,,,,,,2014-05-01,울산광역시,13970.2,"2018-03-03 00:00:00",jinsung
거시경제및일반지표,가계대출,M,,,,,,2014-06-01,울산광역시,14215.6,"2018-03-03 00:00:00",jinsung
거시경제및일반지표,가계대출,M,,,,,,2014-07-01,울산광역시,14397.5,"2018-03-03 00:00:00",jinsung
거시경제및일반지표,가계대출,M,,,,,,2014-08-01,울산광역시,14577.4,"2018-03-03 00:00:00",jinsung
거시경제및일반지표,가계대출,M,,,,,,2014-09-01,울산광역시,14782.2,"2018-03-03 00:00:00",jinsung
거시경제및일반지표,가계대출,M,,,,,,2014-10-01,울산광역시,14954.6,"2018-03-03 00:00:00",jinsung
거시경제및일반지표,가계대출,M,,,,,,2014-11-01,울산광역시,15166,"2018-03-03 00:00:00",jinsung
거시경제및일반지표,가계대출,M,,,,,,2014-12-01,울산광역시,15319,"2018-03-03 00:00:00",jinsung
거시경제및일반지표,가계대출,M,,,,,,2015-01-01,울산광역시,15317.5,"2018-03-03 00:00:00",jinsung
거시경제및일반지표,가계대출,M,,,,,,2015-02-01,울산광역시,15411.3,"2018-03-03 00:00:00",jinsung
거시경제및일반지표,가계대출,M,,,,,,2015-03-01,울산광역시,15524.3,"2018-03-03 00:00:00",jinsung
거시경제및일반지표,가계대출,M,,,,,,2015-04-01,울산광역시,15810.3,"2018-03-03 00:00:00",jinsung
거시경제및일반지표,가계대출,M,,,,,,2015-05-01,울산광역시,15906.7,"2018-03-03 00:00:00",jinsung
거시경제및일반지표,가계대출,M,,,,,,2015-06-01,울산광역시,15820.8,"2018-03-03 00:00:00",jinsung
거시경제및일반지표,가계대출,M,,,,,,2015-07-01,울산광역시,16023.1,"2018-03-03 00:00:00",jinsung
거시경제및일반지표,가계대출,M,,,,,,2015-08-01,울산광역시,16328.4,"2018-03-03 00:00:00",jinsung
거시경제및일반지표,가계대출,M,,,,,,2015-09-01,울산광역시,16468.5,"2018-03-03 00:00:00",jinsung
거시경제및일반지표,가계대출,M,,,,,,2015-10-01,울산광역시,16667.4,"2018-03-03 00:00:00",jinsung
거시경제및일반지표,가계대출,M,,,,,,2015-11-01,울산광역시,16862.1,"2018-03-03 00:00:00",jinsung
거시경제및일반지표,가계대출,M,,,,,,2015-12-01,울산광역시,17138.5,"2018-03-03 00:00:00",jinsung
거시경제및일반지표,가계대출,M,,,,,,2016-01-01,울산광역시,17177.5,"2018-03-03 00:00:00",jinsung
거시경제및일반지표,가계대출,M,,,,,,2016-02-01,울산광역시,17237.4,"2018-03-03 00:00:00",jinsung
거시경제및일반지표,가계대출,M,,,,,,2016-03-01,울산광역시,17455.3,"2018-03-03 00:00:00",jinsung
거시경제및일반지표,가계대출,M,,,,,,2016-04-01,울산광역시,17703,"2018-03-03 00:00:00",jinsung
거시경제및일반지표,가계대출,M,,,,,,2016-05-01,울산광역시,17932.4,"2018-03-03 00:00:00",jinsung
거시경제및일반지표,가계대출,M,,,,,,2016-06-01,울산광역시,18102.2,"2018-03-03 00:00:00",jinsung
거시경제및일반지표,가계대출,M,,,,,,2016-07-01,울산광역시,18266.1,"2018-03-03 00:00:00",jinsung
거시경제및일반지표,가계대출,M,,,,,,2016-08-01,울산광역시,18477.2,"2018-03-03 00:00:00",jinsung
거시경제및일반지표,가계대출,M,,,,,,2016-09-01,울산광역시,18716.1,"2018-03-03 00:00:00",jinsung
거시경제및일반지표,가계대출,M,,,,,,2016-10-01,울산광역시,18865.1,"2018-03-03 00:00:00",jinsung
거시경제및일반지표,가계대출,M,,,,,,2016-11-01,울산광역시,19056.8,"2018-03-03 00:00:00",jinsung
거시경제및일반지표,가계대출,M,,,,,,2016-12-01,울산광역시,19108.1,"2018-03-03 00:00:00",jinsung
거시경제및일반지표,가계대출,M,,,,,,2017-01-01,울산광역시,19153.4,"2018-03-03 00:00:00",jinsung
거시경제및일반지표,가계대출,M,,,,,,2017-02-01,울산광역시,19340.2,"2018-03-03 00:00:00",jinsung
거시경제및일반지표,가계대출,M,,,,,,2017-03-01,울산광역시,19448.1,"2018-03-03 00:00:00",jinsung
거시경제및일반지표,가계대출,M,,,,,,2017-04-01,울산광역시,19528.7,"2018-03-03 00:00:00",jinsung
거시경제및일반지표,가계대출,M,,,,,,2017-05-01,울산광역시,19781.9,"2018-03-03 00:00:00",jinsung
거시경제및일반지표,가계대출,M,,,,,,2017-06-01,울산광역시,19897.6,"2018-03-03 00:00:00",jinsung
거시경제및일반지표,가계대출,M,,,,,,2017-07-01,울산광역시,20065.6,"2018-03-03 00:00:00",jinsung
거시경제및일반지표,가계대출,M,,,,,,2017-08-01,울산광역시,20196.2,"2018-03-03 00:00:00",jinsung
거시경제및일반지표,가계대출,M,,,,,,2017-09-01,울산광역시,20178.7,"2018-03-03 00:00:00",jinsung
거시경제및일반지표,가계대출,M,,,,,,2017-10-01,울산광역시,20337.5,"2018-03-03 00:00:00",jinsung
거시경제및일반지표,가계대출,M,,,,,,2017-11-01,울산광역시,20396.4,"2018-03-03 00:00:00",jinsung
거시경제및일반지표,가계대출,M,,,,,,2013-02-01,세종특별자치시,1923.6,"2018-03-03 00:00:00",jinsung
거시경제및일반지표,가계대출,M,,,,,,2013-03-01,세종특별자치시,2009.6,"2018-03-03 00:00:00",jinsung
거시경제및일반지표,가계대출,M,,,,,,2013-04-01,세종특별자치시,2028,"2018-03-03 00:00:00",jinsung
거시경제및일반지표,가계대출,M,,,,,,2013-05-01,세종특별자치시,2095.8,"2018-03-03 00:00:00",jinsung
거시경제및일반지표,가계대출,M,,,,,,2013-06-01,세종특별자치시,2184.7,"2018-03-03 00:00:00",jinsung
거시경제및일반지표,가계대출,M,,,,,,2013-07-01,세종특별자치시,2302.2,"2018-03-03 00:00:00",jinsung
거시경제및일반지표,가계대출,M,,,,,,2013-08-01,세종특별자치시,2400.9,"2018-03-03 00:00:00",jinsung
거시경제및일반지표,가계대출,M,,,,,,2013-09-01,세종특별자치시,2431.8,"2018-03-03 00:00:00",jinsung
거시경제및일반지표,가계대출,M,,,,,,2013-10-01,세종특별자치시,2583.7,"2018-03-03 00:00:00",jinsung
거시경제및일반지표,가계대출,M,,,,,,2013-11-01,세종특별자치시,2653.4,"2018-03-03 00:00:00",jinsung
거시경제및일반지표,가계대출,M,,,,,,2013-12-01,세종특별자치시,2787.5,"2018-03-03 00:00:00",jinsung
거시경제및일반지표,가계대출,M,,,,,,2014-01-01,세종특별자치시,2879.1,"2018-03-03 00:00:00",jinsung
거시경제및일반지표,가계대출,M,,,,,,2014-02-01,세종특별자치시,3016.2,"2018-03-03 00:00:00",jinsung
거시경제및일반지표,가계대출,M,,,,,,2014-03-01,세종특별자치시,3087.3,"2018-03-03 00:00:00",jinsung
거시경제및일반지표,가계대출,M,,,,,,2014-04-01,세종특별자치시,3129.9,"2018-03-03 00:00:00",jinsung
거시경제및일반지표,가계대출,M,,,,,,2014-05-01,세종특별자치시,3244.7,"2018-03-03 00:00:00",jinsung
거시경제및일반지표,가계대출,M,,,,,,2014-06-01,세종특별자치시,3385.2,"2018-03-03 00:00:00",jinsung
거시경제및일반지표,가계대출,M,,,,,,2014-07-01,세종특별자치시,3397.3,"2018-03-03 00:00:00",jinsung
거시경제및일반지표,가계대출,M,,,,,,2014-08-01,세종특별자치시,3517,"2018-03-03 00:00:00",jinsung
거시경제및일반지표,가계대출,M,,,,,,2014-09-01,세종특별자치시,3630.8,"2018-03-03 00:00:00",jinsung
거시경제및일반지표,가계대출,M,,,,,,2014-10-01,세종특별자치시,3725.9,"2018-03-03 00:00:00",jinsung
거시경제및일반지표,가계대출,M,,,,,,2014-11-01,세종특별자치시,3750.4,"2018-03-03 00:00:00",jinsung
거시경제및일반지표,가계대출,M,,,,,,2014-12-01,세종특별자치시,3870.6,"2018-03-03 00:00:00",jinsung
거시경제및일반지표,가계대출,M,,,,,,2015-01-01,세종특별자치시,3898,"2018-03-03 00:00:00",jinsung
거시경제및일반지표,가계대출,M,,,,,,2015-02-01,세종특별자치시,3833.9,"2018-03-03 00:00:00",jinsung
거시경제및일반지표,가계대출,M,,,,,,2015-03-01,세종특별자치시,3923.7,"2018-03-03 00:00:00",jinsung
거시경제및일반지표,가계대출,M,,,,,,2015-04-01,세종특별자치시,3973.2,"2018-03-03 00:00:00",jinsung
거시경제및일반지표,가계대출,M,,,,,,2015-05-01,세종특별자치시,4099.2,"2018-03-03 00:00:00",jinsung
거시경제및일반지표,가계대출,M,,,,,,2015-06-01,세종특별자치시,4186.6,"2018-03-03 00:00:00",jinsung
거시경제및일반지표,가계대출,M,,,,,,2015-07-01,세종특별자치시,4284.2,"2018-03-03 00:00:00",jinsung
거시경제및일반지표,가계대출,M,,,,,,2015-08-01,세종특별자치시,4369.3,"2018-03-03 00:00:00",jinsung
거시경제및일반지표,가계대출,M,,,,,,2015-09-01,세종특별자치시,4403.3,"2018-03-03 00:00:00",jinsung
거시경제및일반지표,가계대출,M,,,,,,2015-10-01,세종특별자치시,4534.5,"2018-03-03 00:00:00",jinsung
거시경제및일반지표,가계대출,M,,,,,,2015-11-01,세종특별자치시,4668,"2018-03-03 00:00:00",jinsung
거시경제및일반지표,가계대출,M,,,,,,2015-12-01,세종특별자치시,4781.3,"2018-03-03 00:00:00",jinsung
거시경제및일반지표,가계대출,M,,,,,,2016-01-01,세종특별자치시,4943.8,"2018-03-03 00:00:00",jinsung
거시경제및일반지표,가계대출,M,,,,,,2016-02-01,세종특별자치시,4977.1,"2018-03-03 00:00:00",jinsung
거시경제및일반지표,가계대출,M,,,,,,2016-03-01,세종특별자치시,5078.2,"2018-03-03 00:00:00",jinsung
거시경제및일반지표,가계대출,M,,,,,,2016-04-01,세종특별자치시,5212.9,"2018-03-03 00:00:00",jinsung
거시경제및일반지표,가계대출,M,,,,,,2016-05-01,세종특별자치시,5364.3,"2018-03-03 00:00:00",jinsung
거시경제및일반지표,가계대출,M,,,,,,2016-06-01,세종특별자치시,5476.5,"2018-03-03 00:00:00",jinsung
거시경제및일반지표,가계대출,M,,,,,,2016-07-01,세종특별자치시,5564.5,"2018-03-03 00:00:00",jinsung
거시경제및일반지표,가계대출,M,,,,,,2016-08-01,세종특별자치시,5694.7,"2018-03-03 00:00:00",jinsung
거시경제및일반지표,가계대출,M,,,,,,2016-09-01,세종특별자치시,5896.5,"2018-03-03 00:00:00",jinsung
거시경제및일반지표,가계대출,M,,,,,,2016-10-01,세종특별자치시,6005.4,"2018-03-03 00:00:00",jinsung
거시경제및일반지표,가계대출,M,,,,,,2016-11-01,세종특별자치시,6089.5,"2018-03-03 00:00:00",jinsung
거시경제및일반지표,가계대출,M,,,,,,2016-12-01,세종특별자치시,6161.5,"2018-03-03 00:00:00",jinsung
거시경제및일반지표,가계대출,M,,,,,,2017-01-01,세종특별자치시,6252.2,"2018-03-03 00:00:00",jinsung
거시경제및일반지표,가계대출,M,,,,,,2017-02-01,세종특별자치시,6257.9,"2018-03-03 00:00:00",jinsung
거시경제및일반지표,가계대출,M,,,,,,2017-03-01,세종특별자치시,6367.6,"2018-03-03 00:00:00",jinsung
거시경제및일반지표,가계대출,M,,,,,,2017-04-01,세종특별자치시,6358.4,"2018-03-03 00:00:00",jinsung
거시경제및일반지표,가계대출,M,,,,,,2017-05-01,세종특별자치시,6467.9,"2018-03-03 00:00:00",jinsung
거시경제및일반지표,가계대출,M,,,,,,2017-06-01,세종특별자치시,6619.7,"2018-03-03 00:00:00",jinsung
거시경제및일반지표,가계대출,M,,,,,,2017-07-01,세종특별자치시,6716.3,"2018-03-03 00:00:00",jinsung
거시경제및일반지표,가계대출,M,,,,,,2017-08-01,세종특별자치시,6693.3,"2018-03-03 00:00:00",jinsung
거시경제및일반지표,가계대출,M,,,,,,2017-09-01,세종특별자치시,6681.4,"2018-03-03 00:00:00",jinsung
거시경제및일반지표,가계대출,M,,,,,,2017-10-01,세종특별자치시,6779.1,"2018-03-03 00:00:00",jinsung
거시경제및일반지표,가계대출,M,,,,,,2017-11-01,세종특별자치시,6781.6,"2018-03-03 00:00:00",jinsung
거시경제및일반지표,가계대출,M,,,,,,2013-02-01,경기도,169655.4,"2018-03-03 00:00:00",jinsung
거시경제및일반지표,가계대출,M,,,,,,2013-03-01,경기도,169497.8,"2018-03-03 00:00:00",jinsung
거시경제및일반지표,가계대출,M,,,,,,2013-04-01,경기도,169304.3,"2018-03-03 00:00:00",jinsung
거시경제및일반지표,가계대출,M,,,,,,2013-05-01,경기도,169628.5,"2018-03-03 00:00:00",jinsung
거시경제및일반지표,가계대출,M,,,,,,2013-06-01,경기도,171055.6,"2018-03-03 00:00:00",jinsung
거시경제및일반지표,가계대출,M,,,,,,2013-07-01,경기도,170993,"2018-03-03 00:00:00",jinsung
거시경제및일반지표,가계대출,M,,,,,,2013-08-01,경기도,171341.1,"2018-03-03 00:00:00",jinsung
거시경제및일반지표,가계대출,M,,,,,,2013-09-01,경기도,171801.5,"2018-03-03 00:00:00",jinsung
거시경제및일반지표,가계대출,M,,,,,,2013-10-01,경기도,172518.1,"2018-03-03 00:00:00",jinsung
거시경제및일반지표,가계대출,M,,,,,,2013-11-01,경기도,173416.4,"2018-03-03 00:00:00",jinsung
거시경제및일반지표,가계대출,M,,,,,,2013-12-01,경기도,174517.3,"2018-03-03 00:00:00",jinsung
거시경제및일반지표,가계대출,M,,,,,,2014-01-01,경기도,173824.1,"2018-03-03 00:00:00",jinsung
거시경제및일반지표,가계대출,M,,,,,,2014-02-01,경기도,174219.6,"2018-03-03 00:00:00",jinsung
거시경제및일반지표,가계대출,M,,,,,,2014-03-01,경기도,174498.1,"2018-03-03 00:00:00",jinsung
거시경제및일반지표,가계대출,M,,,,,,2014-04-01,경기도,176695,"2018-03-03 00:00:00",jinsung
거시경제및일반지표,가계대출,M,,,,,,2014-05-01,경기도,177334.1,"2018-03-03 00:00:00",jinsung
거시경제및일반지표,가계대출,M,,,,,,2014-06-01,경기도,178464.5,"2018-03-03 00:00:00",jinsung
거시경제및일반지표,가계대출,M,,,,,,2014-07-01,경기도,179242.4,"2018-03-03 00:00:00",jinsung
거시경제및일반지표,가계대출,M,,,,,,2014-08-01,경기도,181056.6,"2018-03-03 00:00:00",jinsung
거시경제및일반지표,가계대출,M,,,,,,2014-09-01,경기도,181937.8,"2018-03-03 00:00:00",jinsung
거시경제및일반지표,가계대출,M,,,,,,2014-10-01,경기도,183617.3,"2018-03-03 00:00:00",jinsung
거시경제및일반지표,가계대출,M,,,,,,2014-11-01,경기도,184874.3,"2018-03-03 00:00:00",jinsung
거시경제및일반지표,가계대출,M,,,,,,2014-12-01,경기도,186237.7,"2018-03-03 00:00:00",jinsung
거시경제및일반지표,가계대출,M,,,,,,2015-01-01,경기도,186342.7,"2018-03-03 00:00:00",jinsung
거시경제및일반지표,가계대출,M,,,,,,2015-02-01,경기도,187206,"2018-03-03 00:00:00",jinsung
거시경제및일반지표,가계대출,M,,,,,,2015-03-01,경기도,187579,"2018-03-03 00:00:00",jinsung
거시경제및일반지표,가계대출,M,,,,,,2015-04-01,경기도,189698,"2018-03-03 00:00:00",jinsung
거시경제및일반지표,가계대출,M,,,,,,2015-05-01,경기도,189808.3,"2018-03-03 00:00:00",jinsung
거시경제및일반지표,가계대출,M,,,,,,2015-06-01,경기도,185346.3,"2018-03-03 00:00:00",jinsung
거시경제및일반지표,가계대출,M,,,,,,2015-07-01,경기도,185621.1,"2018-03-03 00:00:00",jinsung
거시경제및일반지표,가계대출,M,,,,,,2015-08-01,경기도,187767.2,"2018-03-03 00:00:00",jinsung
거시경제및일반지표,가계대출,M,,,,,,2015-09-01,경기도,189756.3,"2018-03-03 00:00:00",jinsung
거시경제및일반지표,가계대출,M,,,,,,2015-10-01,경기도,192461.1,"2018-03-03 00:00:00",jinsung
거시경제및일반지표,가계대출,M,,,,,,2015-11-01,경기도,194473.7,"2018-03-03 00:00:00",jinsung
거시경제및일반지표,가계대출,M,,,,,,2015-12-01,경기도,196856.8,"2018-03-03 00:00:00",jinsung
거시경제및일반지표,가계대출,M,,,,,,2016-01-01,경기도,197639.8,"2018-03-03 00:00:00",jinsung
거시경제및일반지표,가계대출,M,,,,,,2016-02-01,경기도,198651.3,"2018-03-03 00:00:00",jinsung
거시경제및일반지표,가계대출,M,,,,,,2016-03-01,경기도,200416.7,"2018-03-03 00:00:00",jinsung
거시경제및일반지표,가계대출,M,,,,,,2016-04-01,경기도,202304.3,"2018-03-03 00:00:00",jinsung
거시경제및일반지표,가계대출,M,,,,,,2016-05-01,경기도,204604.9,"2018-03-03 00:00:00",jinsung
거시경제및일반지표,가계대출,M,,,,,,2016-06-01,경기도,206955.3,"2018-03-03 00:00:00",jinsung
거시경제및일반지표,가계대출,M,,,,,,2016-07-01,경기도,208971.3,"2018-03-03 00:00:00",jinsung
거시경제및일반지표,가계대출,M,,,,,,2016-08-01,경기도,211713.9,"2018-03-03 00:00:00",jinsung
거시경제및일반지표,가계대출,M,,,,,,2016-09-01,경기도,213950.3,"2018-03-03 00:00:00",jinsung
거시경제및일반지표,가계대출,M,,,,,,2016-10-01,경기도,216730.5,"2018-03-03 00:00:00",jinsung
거시경제및일반지표,가계대출,M,,,,,,2016-11-01,경기도,219686.6,"2018-03-03 00:00:00",jinsung
거시경제및일반지표,가계대출,M,,,,,,2016-12-01,경기도,221389.2,"2018-03-03 00:00:00",jinsung
거시경제및일반지표,가계대출,M,,,,,,2017-01-01,경기도,221438,"2018-03-03 00:00:00",jinsung
거시경제및일반지표,가계대출,M,,,,,,2017-02-01,경기도,222690,"2018-03-03 00:00:00",jinsung
거시경제및일반지표,가계대출,M,,,,,,2017-03-01,경기도,223993,"2018-03-03 00:00:00",jinsung
거시경제및일반지표,가계대출,M,,,,,,2017-04-01,경기도,225617.2,"2018-03-03 00:00:00",jinsung
거시경제및일반지표,가계대출,M,,,,,,2017-05-01,경기도,227242,"2018-03-03 00:00:00",jinsung
거시경제및일반지표,가계대출,M,,,,,,2017-06-01,경기도,228849.3,"2018-03-03 00:00:00",jinsung
거시경제및일반지표,가계대출,M,,,,,,2017-07-01,경기도,230139.8,"2018-03-03 00:00:00",jinsung
거시경제및일반지표,가계대출,M,,,,,,2017-08-01,경기도,231453.1,"2018-03-03 00:00:00",jinsung
거시경제및일반지표,가계대출,M,,,,,,2017-09-01,경기도,233812.3,"2018-03-03 00:00:00",jinsung
거시경제및일반지표,가계대출,M,,,,,,2017-10-01,경기도,235500.3,"2018-03-03 00:00:00",jinsung
거시경제및일반지표,가계대출,M,,,,,,2017-11-01,경기도,237192.3,"2018-03-03 00:00:00",jinsung
거시경제및일반지표,가계대출,M,,,,,,2013-02-01,강원도,12262.8,"2018-03-03 00:00:00",jinsung
거시경제및일반지표,가계대출,M,,,,,,2013-03-01,강원도,12244.9,"2018-03-03 00:00:00",jinsung
거시경제및일반지표,가계대출,M,,,,,,2013-04-01,강원도,12337.7,"2018-03-03 00:00:00",jinsung
거시경제및일반지표,가계대출,M,,,,,,2013-05-01,강원도,12409.3,"2018-03-03 00:00:00",jinsung
거시경제및일반지표,가계대출,M,,,,,,2013-06-01,강원도,12611.2,"2018-03-03 00:00:00",jinsung
거시경제및일반지표,가계대출,M,,,,,,2013-07-01,강원도,12621.6,"2018-03-03 00:00:00",jinsung
거시경제및일반지표,가계대출,M,,,,,,2013-08-01,강원도,12701.1,"2018-03-03 00:00:00",jinsung
거시경제및일반지표,가계대출,M,,,,,,2013-09-01,강원도,12716.8,"2018-03-03 00:00:00",jinsung
거시경제및일반지표,가계대출,M,,,,,,2013-10-01,강원도,12778.9,"2018-03-03 00:00:00",jinsung
거시경제및일반지표,가계대출,M,,,,,,2013-11-01,강원도,12893.6,"2018-03-03 00:00:00",jinsung
거시경제및일반지표,가계대출,M,,,,,,2013-12-01,강원도,13196.9,"2018-03-03 00:00:00",jinsung
거시경제및일반지표,가계대출,M,,,,,,2014-01-01,강원도,13132.4,"2018-03-03 00:00:00",jinsung
거시경제및일반지표,가계대출,M,,,,,,2014-02-01,강원도,13192.4,"2018-03-03 00:00:00",jinsung
거시경제및일반지표,가계대출,M,,,,,,2014-03-01,강원도,13190.8,"2018-03-03 00:00:00",jinsung
거시경제및일반지표,가계대출,M,,,,,,2014-04-01,강원도,13248.2,"2018-03-03 00:00:00",jinsung
거시경제및일반지표,가계대출,M,,,,,,2014-05-01,강원도,13332.2,"2018-03-03 00:00:00",jinsung
거시경제및일반지표,가계대출,M,,,,,,2014-06-01,강원도,13466.4,"2018-03-03 00:00:00",jinsung
거시경제및일반지표,가계대출,M,,,,,,2014-07-01,강원도,13518.3,"2018-03-03 00:00:00",jinsung
거시경제및일반지표,가계대출,M,,,,,,2014-08-01,강원도,13537.2,"2018-03-03 00:00:00",jinsung
거시경제및일반지표,가계대출,M,,,,,,2014-09-01,강원도,13563.5,"2018-03-03 00:00:00",jinsung
거시경제및일반지표,가계대출,M,,,,,,2014-10-01,강원도,13631,"2018-03-03 00:00:00",jinsung
거시경제및일반지표,가계대출,M,,,,,,2014-11-01,강원도,13740.1,"2018-03-03 00:00:00",jinsung
거시경제및일반지표,가계대출,M,,,,,,2014-12-01,강원도,13949.3,"2018-03-03 00:00:00",jinsung
거시경제및일반지표,가계대출,M,,,,,,2015-01-01,강원도,13879.1,"2018-03-03 00:00:00",jinsung
거시경제및일반지표,가계대출,M,,,,,,2015-02-01,강원도,13889.9,"2018-03-03 00:00:00",jinsung
거시경제및일반지표,가계대출,M,,,,,,2015-03-01,강원도,13891.2,"2018-03-03 00:00:00",jinsung
거시경제및일반지표,가계대출,M,,,,,,2015-04-01,강원도,14022,"2018-03-03 00:00:00",jinsung
거시경제및일반지표,가계대출,M,,,,,,2015-05-01,강원도,14100.3,"2018-03-03 00:00:00",jinsung
거시경제및일반지표,가계대출,M,,,,,,2015-06-01,강원도,14028.7,"2018-03-03 00:00:00",jinsung
거시경제및일반지표,가계대출,M,,,,,,2015-07-01,강원도,13989.4,"2018-03-03 00:00:00",jinsung
거시경제및일반지표,가계대출,M,,,,,,2015-08-01,강원도,14100.5,"2018-03-03 00:00:00",jinsung
거시경제및일반지표,가계대출,M,,,,,,2015-09-01,강원도,14156.7,"2018-03-03 00:00:00",jinsung
거시경제및일반지표,가계대출,M,,,,,,2015-10-01,강원도,14276.1,"2018-03-03 00:00:00",jinsung
거시경제및일반지표,가계대출,M,,,,,,2015-11-01,강원도,14487.5,"2018-03-03 00:00:00",jinsung
거시경제및일반지표,가계대출,M,,,,,,2015-12-01,강원도,14736,"2018-03-03 00:00:00",jinsung
거시경제및일반지표,가계대출,M,,,,,,2016-01-01,강원도,14759.1,"2018-03-03 00:00:00",jinsung
거시경제및일반지표,가계대출,M,,,,,,2016-02-01,강원도,14754.7,"2018-03-03 00:00:00",jinsung
거시경제및일반지표,가계대출,M,,,,,,2016-03-01,강원도,14877.1,"2018-03-03 00:00:00",jinsung
거시경제및일반지표,가계대출,M,,,,,,2016-04-01,강원도,15019.7,"2018-03-03 00:00:00",jinsung
거시경제및일반지표,가계대출,M,,,,,,2016-05-01,강원도,15180.9,"2018-03-03 00:00:00",jinsung
거시경제및일반지표,가계대출,M,,,,,,2016-06-01,강원도,15356.2,"2018-03-03 00:00:00",jinsung
거시경제및일반지표,가계대출,M,,,,,,2016-07-01,강원도,15467.3,"2018-03-03 00:00:00",jinsung
거시경제및일반지표,가계대출,M,,,,,,2016-08-01,강원도,15674.4,"2018-03-03 00:00:00",jinsung
거시경제및일반지표,가계대출,M,,,,,,2016-09-01,강원도,15866.3,"2018-03-03 00:00:00",jinsung
거시경제및일반지표,가계대출,M,,,,,,2016-10-01,강원도,16041.7,"2018-03-03 00:00:00",jinsung
거시경제및일반지표,가계대출,M,,,,,,2016-11-01,강원도,16243.9,"2018-03-03 00:00:00",jinsung
거시경제및일반지표,가계대출,M,,,,,,2016-12-01,강원도,16456.8,"2018-03-03 00:00:00",jinsung
거시경제및일반지표,가계대출,M,,,,,,2017-01-01,강원도,16460.8,"2018-03-03 00:00:00",jinsung
거시경제및일반지표,가계대출,M,,,,,,2017-02-01,강원도,16507.5,"2018-03-03 00:00:00",jinsung
거시경제및일반지표,가계대출,M,,,,,,2017-03-01,강원도,16603.6,"2018-03-03 00:00:00",jinsung
거시경제및일반지표,가계대출,M,,,,,,2017-04-01,강원도,16785.9,"2018-03-03 00:00:00",jinsung
거시경제및일반지표,가계대출,M,,,,,,2017-05-01,강원도,16967.6,"2018-03-03 00:00:00",jinsung
거시경제및일반지표,가계대출,M,,,,,,2017-06-01,강원도,17193.5,"2018-03-03 00:00:00",jinsung
거시경제및일반지표,가계대출,M,,,,,,2017-07-01,강원도,17314.2,"2018-03-03 00:00:00",jinsung
거시경제및일반지표,가계대출,M,,,,,,2017-08-01,강원도,17487.7,"2018-03-03 00:00:00",jinsung
거시경제및일반지표,가계대출,M,,,,,,2017-09-01,강원도,17572.5,"2018-03-03 00:00:00",jinsung
거시경제및일반지표,가계대출,M,,,,,,2017-10-01,강원도,17745.6,"2018-03-03 00:00:00",jinsung
거시경제및일반지표,가계대출,M,,,,,,2017-11-01,강원도,18045.8,"2018-03-03 00:00:00",jinsung
거시경제및일반지표,가계대출,M,,,,,,2013-02-01,충청북도,13041,"2018-03-03 00:00:00",jinsung
거시경제및일반지표,가계대출,M,,,,,,2013-03-01,충청북도,13027.1,"2018-03-03 00:00:00",jinsung
거시경제및일반지표,가계대출,M,,,,,,2013-04-01,충청북도,13198.2,"2018-03-03 00:00:00",jinsung
거시경제및일반지표,가계대출,M,,,,,,2013-05-01,충청북도,13292.3,"2018-03-03 00:00:00",jinsung
거시경제및일반지표,가계대출,M,,,,,,2013-06-01,충청북도,13389.5,"2018-03-03 00:00:00",jinsung
거시경제및일반지표,가계대출,M,,,,,,2013-07-01,충청북도,13393.1,"2018-03-03 00:00:00",jinsung
거시경제및일반지표,가계대출,M,,,,,,2013-08-01,충청북도,13501.7,"2018-03-03 00:00:00",jinsung
거시경제및일반지표,가계대출,M,,,,,,2013-09-01,충청북도,13527.3,"2018-03-03 00:00:00",jinsung
거시경제및일반지표,가계대출,M,,,,,,2013-10-01,충청북도,13691.1,"2018-03-03 00:00:00",jinsung
거시경제및일반지표,가계대출,M,,,,,,2013-11-01,충청북도,13830.4,"2018-03-03 00:00:00",jinsung
거시경제및일반지표,가계대출,M,,,,,,2013-12-01,충청북도,14065.2,"2018-03-03 00:00:00",jinsung
거시경제및일반지표,가계대출,M,,,,,,2014-01-01,충청북도,13997.6,"2018-03-03 00:00:00",jinsung
거시경제및일반지표,가계대출,M,,,,,,2014-02-01,충청북도,14077,"2018-03-03 00:00:00",jinsung
거시경제및일반지표,가계대출,M,,,,,,2014-03-01,충청북도,14193.2,"2018-03-03 00:00:00",jinsung
거시경제및일반지표,가계대출,M,,,,,,2014-04-01,충청북도,14350.6,"2018-03-03 00:00:00",jinsung
거시경제및일반지표,가계대출,M,,,,,,2014-05-01,충청북도,14431.3,"2018-03-03 00:00:00",jinsung
거시경제및일반지표,가계대출,M,,,,,,2014-06-01,충청북도,14536,"2018-03-03 00:00:00",jinsung
거시경제및일반지표,가계대출,M,,,,,,2014-07-01,충청북도,14733.6,"2018-03-03 00:00:00",jinsung
거시경제및일반지표,가계대출,M,,,,,,2014-08-01,충청북도,14923.5,"2018-03-03 00:00:00",jinsung
거시경제및일반지표,가계대출,M,,,,,,2014-09-01,충청북도,15093.9,"2018-03-03 00:00:00",jinsung
거시경제및일반지표,가계대출,M,,,,,,2014-10-01,충청북도,15251.5,"2018-03-03 00:00:00",jinsung
거시경제및일반지표,가계대출,M,,,,,,2014-11-01,충청북도,15476.3,"2018-03-03 00:00:00",jinsung
거시경제및일반지표,가계대출,M,,,,,,2014-12-01,충청북도,15737.2,"2018-03-03 00:00:00",jinsung
거시경제및일반지표,가계대출,M,,,,,,2015-01-01,충청북도,15828.6,"2018-03-03 00:00:00",jinsung
거시경제및일반지표,가계대출,M,,,,,,2015-02-01,충청북도,15929.3,"2018-03-03 00:00:00",jinsung
거시경제및일반지표,가계대출,M,,,,,,2015-03-01,충청북도,15998.2,"2018-03-03 00:00:00",jinsung
거시경제및일반지표,가계대출,M,,,,,,2015-04-01,충청북도,16296.4,"2018-03-03 00:00:00",jinsung
거시경제및일반지표,가계대출,M,,,,,,2015-05-01,충청북도,16434.2,"2018-03-03 00:00:00",jinsung
거시경제및일반지표,가계대출,M,,,,,,2015-06-01,충청북도,16413.7,"2018-03-03 00:00:00",jinsung
거시경제및일반지표,가계대출,M,,,,,,2015-07-01,충청북도,16435.6,"2018-03-03 00:00:00",jinsung
거시경제및일반지표,가계대출,M,,,,,,2015-08-01,충청북도,16683.4,"2018-03-03 00:00:00",jinsung
거시경제및일반지표,가계대출,M,,,,,,2015-09-01,충청북도,16836.7,"2018-03-03 00:00:00",jinsung
거시경제및일반지표,가계대출,M,,,,,,2015-10-01,충청북도,17126.1,"2018-03-03 00:00:00",jinsung
거시경제및일반지표,가계대출,M,,,,,,2015-11-01,충청북도,17327.4,"2018-03-03 00:00:00",jinsung
거시경제및일반지표,가계대출,M,,,,,,2015-12-01,충청북도,17634.8,"2018-03-03 00:00:00",jinsung
거시경제및일반지표,가계대출,M,,,,,,2016-01-01,충청북도,17570.6,"2018-03-03 00:00:00",jinsung
거시경제및일반지표,가계대출,M,,,,,,2016-02-01,충청북도,17659.3,"2018-03-03 00:00:00",jinsung
거시경제및일반지표,가계대출,M,,,,,,2016-03-01,충청북도,17818,"2018-03-03 00:00:00",jinsung
거시경제및일반지표,가계대출,M,,,,,,2016-04-01,충청북도,18016.7,"2018-03-03 00:00:00",jinsung
거시경제및일반지표,가계대출,M,,,,,,2016-05-01,충청북도,18293.9,"2018-03-03 00:00:00",jinsung
거시경제및일반지표,가계대출,M,,,,,,2016-06-01,충청북도,18542.9,"2018-03-03 00:00:00",jinsung
거시경제및일반지표,가계대출,M,,,,,,2016-07-01,충청북도,18607.9,"2018-03-03 00:00:00",jinsung
거시경제및일반지표,가계대출,M,,,,,,2016-08-01,충청북도,18763.9,"2018-03-03 00:00:00",jinsung
거시경제및일반지표,가계대출,M,,,,,,2016-09-01,충청북도,19054.8,"2018-03-03 00:00:00",jinsung
거시경제및일반지표,가계대출,M,,,,,,2016-10-01,충청북도,19172.4,"2018-03-03 00:00:00",jinsung
거시경제및일반지표,가계대출,M,,,,,,2016-11-01,충청북도,19431.1,"2018-03-03 00:00:00",jinsung
거시경제및일반지표,가계대출,M,,,,,,2016-12-01,충청북도,19510.9,"2018-03-03 00:00:00",jinsung
거시경제및일반지표,가계대출,M,,,,,,2017-01-01,충청북도,19574.5,"2018-03-03 00:00:00",jinsung
거시경제및일반지표,가계대출,M,,,,,,2017-02-01,충청북도,19594.1,"2018-03-03 00:00:00",jinsung
거시경제및일반지표,가계대출,M,,,,,,2017-03-01,충청북도,19670.1,"2018-03-03 00:00:00",jinsung
거시경제및일반지표,가계대출,M,,,,,,2017-04-01,충청북도,19747.3,"2018-03-03 00:00:00",jinsung
거시경제및일반지표,가계대출,M,,,,,,2017-05-01,충청북도,19894.8,"2018-03-03 00:00:00",jinsung
거시경제및일반지표,가계대출,M,,,,,,2017-06-01,충청북도,20012.1,"2018-03-03 00:00:00",jinsung
거시경제및일반지표,가계대출,M,,,,,,2017-07-01,충청북도,20032.7,"2018-03-03 00:00:00",jinsung
거시경제및일반지표,가계대출,M,,,,,,2017-08-01,충청북도,20115,"2018-03-03 00:00:00",jinsung
거시경제및일반지표,가계대출,M,,,,,,2017-09-01,충청북도,20180.4,"2018-03-03 00:00:00",jinsung
거시경제및일반지표,가계대출,M,,,,,,2017-10-01,충청북도,20375.8,"2018-03-03 00:00:00",jinsung
거시경제및일반지표,가계대출,M,,,,,,2017-11-01,충청북도,20540.4,"2018-03-03 00:00:00",jinsung
거시경제및일반지표,가계대출,M,,,,,,2013-02-01,충청남도,21664.8,"2018-03-03 00:00:00",jinsung
거시경제및일반지표,가계대출,M,,,,,,2013-03-01,충청남도,21652.1,"2018-03-03 00:00:00",jinsung
거시경제및일반지표,가계대출,M,,,,,,2013-04-01,충청남도,21673.7,"2018-03-03 00:00:00",jinsung
거시경제및일반지표,가계대출,M,,,,,,2013-05-01,충청남도,21805.2,"2018-03-03 00:00:00",jinsung
거시경제및일반지표,가계대출,M,,,,,,2013-06-01,충청남도,22077.1,"2018-03-03 00:00:00",jinsung
거시경제및일반지표,가계대출,M,,,,,,2013-07-01,충청남도,22107.9,"2018-03-03 00:00:00",jinsung
거시경제및일반지표,가계대출,M,,,,,,2013-08-01,충청남도,22245.9,"2018-03-03 00:00:00",jinsung
거시경제및일반지표,가계대출,M,,,,,,2013-09-01,충청남도,22228.4,"2018-03-03 00:00:00",jinsung
거시경제및일반지표,가계대출,M,,,,,,2013-10-01,충청남도,22390.9,"2018-03-03 00:00:00",jinsung
거시경제및일반지표,가계대출,M,,,,,,2013-11-01,충청남도,22590.3,"2018-03-03 00:00:00",jinsung
거시경제및일반지표,가계대출,M,,,,,,2013-12-01,충청남도,22901.2,"2018-03-03 00:00:00",jinsung
거시경제및일반지표,가계대출,M,,,,,,2014-01-01,충청남도,22832.5,"2018-03-03 00:00:00",jinsung
거시경제및일반지표,가계대출,M,,,,,,2014-02-01,충청남도,23031,"2018-03-03 00:00:00",jinsung
거시경제및일반지표,가계대출,M,,,,,,2014-03-01,충청남도,23149,"2018-03-03 00:00:00",jinsung
거시경제및일반지표,가계대출,M,,,,,,2014-04-01,충청남도,23341.3,"2018-03-03 00:00:00",jinsung
거시경제및일반지표,가계대출,M,,,,,,2014-05-01,충청남도,23594.8,"2018-03-03 00:00:00",jinsung
거시경제및일반지표,가계대출,M,,,,,,2014-06-01,충청남도,23847.1,"2018-03-03 00:00:00",jinsung
거시경제및일반지표,가계대출,M,,,,,,2014-07-01,충청남도,24049.4,"2018-03-03 00:00:00",jinsung
거시경제및일반지표,가계대출,M,,,,,,2014-08-01,충청남도,24394.7,"2018-03-03 00:00:00",jinsung
거시경제및일반지표,가계대출,M,,,,,,2014-09-01,충청남도,24567.6,"2018-03-03 00:00:00",jinsung
거시경제및일반지표,가계대출,M,,,,,,2014-10-01,충청남도,24842.7,"2018-03-03 00:00:00",jinsung
거시경제및일반지표,가계대출,M,,,,,,2014-11-01,충청남도,25136.2,"2018-03-03 00:00:00",jinsung
거시경제및일반지표,가계대출,M,,,,,,2014-12-01,충청남도,25499.3,"2018-03-03 00:00:00",jinsung
거시경제및일반지표,가계대출,M,,,,,,2015-01-01,충청남도,25490.8,"2018-03-03 00:00:00",jinsung
거시경제및일반지표,가계대출,M,,,,,,2015-02-01,충청남도,25630.5,"2018-03-03 00:00:00",jinsung
거시경제및일반지표,가계대출,M,,,,,,2015-03-01,충청남도,25806.4,"2018-03-03 00:00:00",jinsung
거시경제및일반지표,가계대출,M,,,,,,2015-04-01,충청남도,26126.6,"2018-03-03 00:00:00",jinsung
거시경제및일반지표,가계대출,M,,,,,,2015-05-01,충청남도,26335.5,"2018-03-03 00:00:00",jinsung
거시경제및일반지표,가계대출,M,,,,,,2015-06-01,충청남도,26381.3,"2018-03-03 00:00:00",jinsung
거시경제및일반지표,가계대출,M,,,,,,2015-07-01,충청남도,26495.9,"2018-03-03 00:00:00",jinsung
거시경제및일반지표,가계대출,M,,,,,,2015-08-01,충청남도,26750.5,"2018-03-03 00:00:00",jinsung
거시경제및일반지표,가계대출,M,,,,,,2015-09-01,충청남도,27113.6,"2018-03-03 00:00:00",jinsung
거시경제및일반지표,가계대출,M,,,,,,2015-10-01,충청남도,27359.5,"2018-03-03 00:00:00",jinsung
거시경제및일반지표,가계대출,M,,,,,,2015-11-01,충청남도,27783.4,"2018-03-03 00:00:00",jinsung
거시경제및일반지표,가계대출,M,,,,,,2015-12-01,충청남도,28221.5,"2018-03-03 00:00:00",jinsung
거시경제및일반지표,가계대출,M,,,,,,2016-01-01,충청남도,28234.3,"2018-03-03 00:00:00",jinsung
거시경제및일반지표,가계대출,M,,,,,,2016-02-01,충청남도,28327.4,"2018-03-03 00:00:00",jinsung
거시경제및일반지표,가계대출,M,,,,,,2016-03-01,충청남도,28559.4,"2018-03-03 00:00:00",jinsung
거시경제및일반지표,가계대출,M,,,,,,2016-04-01,충청남도,28781.1,"2018-03-03 00:00:00",jinsung
거시경제및일반지표,가계대출,M,,,,,,2016-05-01,충청남도,29142.6,"2018-03-03 00:00:00",jinsung
거시경제및일반지표,가계대출,M,,,,,,2016-06-01,충청남도,29360.4,"2018-03-03 00:00:00",jinsung
거시경제및일반지표,가계대출,M,,,,,,2016-07-01,충청남도,29612.2,"2018-03-03 00:00:00",jinsung
거시경제및일반지표,가계대출,M,,,,,,2016-08-01,충청남도,29969.7,"2018-03-03 00:00:00",jinsung
거시경제및일반지표,가계대출,M,,,,,,2016-09-01,충청남도,30229.3,"2018-03-03 00:00:00",jinsung
거시경제및일반지표,가계대출,M,,,,,,2016-10-01,충청남도,30539.8,"2018-03-03 00:00:00",jinsung
거시경제및일반지표,가계대출,M,,,,,,2016-11-01,충청남도,30864.7,"2018-03-03 00:00:00",jinsung
거시경제및일반지표,가계대출,M,,,,,,2016-12-01,충청남도,31056.9,"2018-03-03 00:00:00",jinsung
거시경제및일반지표,가계대출,M,,,,,,2017-01-01,충청남도,30960.4,"2018-03-03 00:00:00",jinsung
거시경제및일반지표,가계대출,M,,,,,,2017-02-01,충청남도,30976.2,"2018-03-03 00:00:00",jinsung
거시경제및일반지표,가계대출,M,,,,,,2017-03-01,충청남도,31013.8,"2018-03-03 00:00:00",jinsung
거시경제및일반지표,가계대출,M,,,,,,2017-04-01,충청남도,31125.9,"2018-03-03 00:00:00",jinsung
거시경제및일반지표,가계대출,M,,,,,,2017-05-01,충청남도,31157.5,"2018-03-03 00:00:00",jinsung
거시경제및일반지표,가계대출,M,,,,,,2017-06-01,충청남도,31249.7,"2018-03-03 00:00:00",jinsung
거시경제및일반지표,가계대출,M,,,,,,2017-07-01,충청남도,31337.5,"2018-03-03 00:00:00",jinsung
거시경제및일반지표,가계대출,M,,,,,,2017-08-01,충청남도,31324.3,"2018-03-03 00:00:00",jinsung
거시경제및일반지표,가계대출,M,,,,,,2017-09-01,충청남도,31262.5,"2018-03-03 00:00:00",jinsung
거시경제및일반지표,가계대출,M,,,,,,2017-10-01,충청남도,31398.8,"2018-03-03 00:00:00",jinsung
거시경제및일반지표,가계대출,M,,,,,,2017-11-01,충청남도,31534.6,"2018-03-03 00:00:00",jinsung
거시경제및일반지표,가계대출,M,,,,,,2013-02-01,전라북도,16062.8,"2018-03-03 00:00:00",jinsung
거시경제및일반지표,가계대출,M,,,,,,2013-03-01,전라북도,16111.7,"2018-03-03 00:00:00",jinsung
거시경제및일반지표,가계대출,M,,,,,,2013-04-01,전라북도,16220.5,"2018-03-03 00:00:00",jinsung
거시경제및일반지표,가계대출,M,,,,,,2013-05-01,전라북도,16344.6,"2018-03-03 00:00:00",jinsung
거시경제및일반지표,가계대출,M,,,,,,2013-06-01,전라북도,16584.8,"2018-03-03 00:00:00",jinsung
거시경제및일반지표,가계대출,M,,,,,,2013-07-01,전라북도,16722.1,"2018-03-03 00:00:00",jinsung
거시경제및일반지표,가계대출,M,,,,,,2013-08-01,전라북도,16871.5,"2018-03-03 00:00:00",jinsung
거시경제및일반지표,가계대출,M,,,,,,2013-09-01,전라북도,16959.7,"2018-03-03 00:00:00",jinsung
거시경제및일반지표,가계대출,M,,,,,,2013-10-01,전라북도,17096.3,"2018-03-03 00:00:00",jinsung
거시경제및일반지표,가계대출,M,,,,,,2013-11-01,전라북도,17285.8,"2018-03-03 00:00:00",jinsung
거시경제및일반지표,가계대출,M,,,,,,2013-12-01,전라북도,17422.9,"2018-03-03 00:00:00",jinsung
거시경제및일반지표,가계대출,M,,,,,,2014-01-01,전라북도,17330.8,"2018-03-03 00:00:00",jinsung
거시경제및일반지표,가계대출,M,,,,,,2014-02-01,전라북도,17442.4,"2018-03-03 00:00:00",jinsung
거시경제및일반지표,가계대출,M,,,,,,2014-03-01,전라북도,17557.6,"2018-03-03 00:00:00",jinsung
거시경제및일반지표,가계대출,M,,,,,,2014-04-01,전라북도,17704.3,"2018-03-03 00:00:00",jinsung
거시경제및일반지표,가계대출,M,,,,,,2014-05-01,전라북도,17791.8,"2018-03-03 00:00:00",jinsung
거시경제및일반지표,가계대출,M,,,,,,2014-06-01,전라북도,17880.9,"2018-03-03 00:00:00",jinsung
거시경제및일반지표,가계대출,M,,,,,,2014-07-01,전라북도,18043.9,"2018-03-03 00:00:00",jinsung
거시경제및일반지표,가계대출,M,,,,,,2014-08-01,전라북도,18150.9,"2018-03-03 00:00:00",jinsung
거시경제및일반지표,가계대출,M,,,,,,2014-09-01,전라북도,18283,"2018-03-03 00:00:00",jinsung
거시경제및일반지표,가계대출,M,,,,,,2014-10-01,전라북도,18381.2,"2018-03-03 00:00:00",jinsung
거시경제및일반지표,가계대출,M,,,,,,2014-11-01,전라북도,18484.2,"2018-03-03 00:00:00",jinsung
거시경제및일반지표,가계대출,M,,,,,,2014-12-01,전라북도,18699.1,"2018-03-03 00:00:00",jinsung
거시경제및일반지표,가계대출,M,,,,,,2015-01-01,전라북도,18638.8,"2018-03-03 00:00:00",jinsung
거시경제및일반지표,가계대출,M,,,,,,2015-02-01,전라북도,18635.5,"2018-03-03 00:00:00",jinsung
거시경제및일반지표,가계대출,M,,,,,,2015-03-01,전라북도,18688.2,"2018-03-03 00:00:00",jinsung
거시경제및일반지표,가계대출,M,,,,,,2015-04-01,전라북도,18859.2,"2018-03-03 00:00:00",jinsung
거시경제및일반지표,가계대출,M,,,,,,2015-05-01,전라북도,18918.8,"2018-03-03 00:00:00",jinsung
거시경제및일반지표,가계대출,M,,,,,,2015-06-01,전라북도,18923.8,"2018-03-03 00:00:00",jinsung
거시경제및일반지표,가계대출,M,,,,,,2015-07-01,전라북도,18915,"2018-03-03 00:00:00",jinsung
거시경제및일반지표,가계대출,M,,,,,,2015-08-01,전라북도,19102.4,"2018-03-03 00:00:00",jinsung
거시경제및일반지표,가계대출,M,,,,,,2015-09-01,전라북도,19194.4,"2018-03-03 00:00:00",jinsung
거시경제및일반지표,가계대출,M,,,,,,2015-10-01,전라북도,19411.2,"2018-03-03 00:00:00",jinsung
거시경제및일반지표,가계대출,M,,,,,,2015-11-01,전라북도,19561.1,"2018-03-03 00:00:00",jinsung
거시경제및일반지표,가계대출,M,,,,,,2015-12-01,전라북도,19787.8,"2018-03-03 00:00:00",jinsung
거시경제및일반지표,가계대출,M,,,,,,2016-01-01,전라북도,19763.7,"2018-03-03 00:00:00",jinsung
거시경제및일반지표,가계대출,M,,,,,,2016-02-01,전라북도,19847.2,"2018-03-03 00:00:00",jinsung
거시경제및일반지표,가계대출,M,,,,,,2016-03-01,전라북도,20049.5,"2018-03-03 00:00:00",jinsung
거시경제및일반지표,가계대출,M,,,,,,2016-04-01,전라북도,20255.9,"2018-03-03 00:00:00",jinsung
거시경제및일반지표,가계대출,M,,,,,,2016-05-01,전라북도,20432.4,"2018-03-03 00:00:00",jinsung
거시경제및일반지표,가계대출,M,,,,,,2016-06-01,전라북도,20660.8,"2018-03-03 00:00:00",jinsung
거시경제및일반지표,가계대출,M,,,,,,2016-07-01,전라북도,20817.7,"2018-03-03 00:00:00",jinsung
거시경제및일반지표,가계대출,M,,,,,,2016-08-01,전라북도,21062.1,"2018-03-03 00:00:00",jinsung
거시경제및일반지표,가계대출,M,,,,,,2016-09-01,전라북도,21290.6,"2018-03-03 00:00:00",jinsung
거시경제및일반지표,가계대출,M,,,,,,2016-10-01,전라북도,21537.9,"2018-03-03 00:00:00",jinsung
거시경제및일반지표,가계대출,M,,,,,,2016-11-01,전라북도,21781.7,"2018-03-03 00:00:00",jinsung
거시경제및일반지표,가계대출,M,,,,,,2016-12-01,전라북도,21997.3,"2018-03-03 00:00:00",jinsung
거시경제및일반지표,가계대출,M,,,,,,2017-01-01,전라북도,22003.7,"2018-03-03 00:00:00",jinsung
거시경제및일반지표,가계대출,M,,,,,,2017-02-01,전라북도,22128.4,"2018-03-03 00:00:00",jinsung
거시경제및일반지표,가계대출,M,,,,,,2017-03-01,전라북도,22242.8,"2018-03-03 00:00:00",jinsung
거시경제및일반지표,가계대출,M,,,,,,2017-04-01,전라북도,22414.6,"2018-03-03 00:00:00",jinsung
거시경제및일반지표,가계대출,M,,,,,,2017-05-01,전라북도,22568.2,"2018-03-03 00:00:00",jinsung
거시경제및일반지표,가계대출,M,,,,,,2017-06-01,전라북도,22644.2,"2018-03-03 00:00:00",jinsung
거시경제및일반지표,가계대출,M,,,,,,2017-07-01,전라북도,22821.4,"2018-03-03 00:00:00",jinsung
거시경제및일반지표,가계대출,M,,,,,,2017-08-01,전라북도,23048.4,"2018-03-03 00:00:00",jinsung
거시경제및일반지표,가계대출,M,,,,,,2017-09-01,전라북도,23106.5,"2018-03-03 00:00:00",jinsung
거시경제및일반지표,가계대출,M,,,,,,2017-10-01,전라북도,23316.3,"2018-03-03 00:00:00",jinsung
거시경제및일반지표,가계대출,M,,,,,,2017-11-01,전라북도,23595.8,"2018-03-03 00:00:00",jinsung
거시경제및일반지표,가계대출,M,,,,,,2013-02-01,전라남도,13142.2,"2018-03-03 00:00:00",jinsung
거시경제및일반지표,가계대출,M,,,,,,2013-03-01,전라남도,13191.8,"2018-03-03 00:00:00",jinsung
거시경제및일반지표,가계대출,M,,,,,,2013-04-01,전라남도,13275.3,"2018-03-03 00:00:00",jinsung
거시경제및일반지표,가계대출,M,,,,,,2013-05-01,전라남도,13368.2,"2018-03-03 00:00:00",jinsung
거시경제및일반지표,가계대출,M,,,,,,2013-06-01,전라남도,13539,"2018-03-03 00:00:00",jinsung
거시경제및일반지표,가계대출,M,,,,,,2013-07-01,전라남도,13596.1,"2018-03-03 00:00:00",jinsung
거시경제및일반지표,가계대출,M,,,,,,2013-08-01,전라남도,13748,"2018-03-03 00:00:00",jinsung
거시경제및일반지표,가계대출,M,,,,,,2013-09-01,전라남도,13806.7,"2018-03-03 00:00:00",jinsung
거시경제및일반지표,가계대출,M,,,,,,2013-10-01,전라남도,13858.3,"2018-03-03 00:00:00",jinsung
거시경제및일반지표,가계대출,M,,,,,,2013-11-01,전라남도,14016.3,"2018-03-03 00:00:00",jinsung
거시경제및일반지표,가계대출,M,,,,,,2013-12-01,전라남도,14180.3,"2018-03-03 00:00:00",jinsung
거시경제및일반지표,가계대출,M,,,,,,2014-01-01,전라남도,14103,"2018-03-03 00:00:00",jinsung
거시경제및일반지표,가계대출,M,,,,,,2014-02-01,전라남도,14051,"2018-03-03 00:00:00",jinsung
거시경제및일반지표,가계대출,M,,,,,,2014-03-01,전라남도,14141.2,"2018-03-03 00:00:00",jinsung
거시경제및일반지표,가계대출,M,,,,,,2014-04-01,전라남도,14304.3,"2018-03-03 00:00:00",jinsung
거시경제및일반지표,가계대출,M,,,,,,2014-05-01,전라남도,14458.5,"2018-03-03 00:00:00",jinsung
거시경제및일반지표,가계대출,M,,,,,,2014-06-01,전라남도,14593.9,"2018-03-03 00:00:00",jinsung
거시경제및일반지표,가계대출,M,,,,,,2014-07-01,전라남도,14718.2,"2018-03-03 00:00:00",jinsung
거시경제및일반지표,가계대출,M,,,,,,2014-08-01,전라남도,14877.8,"2018-03-03 00:00:00",jinsung
거시경제및일반지표,가계대출,M,,,,,,2014-09-01,전라남도,15003.9,"2018-03-03 00:00:00",jinsung
거시경제및일반지표,가계대출,M,,,,,,2014-10-01,전라남도,15088,"2018-03-03 00:00:00",jinsung
거시경제및일반지표,가계대출,M,,,,,,2014-11-01,전라남도,15194.6,"2018-03-03 00:00:00",jinsung
거시경제및일반지표,가계대출,M,,,,,,2014-12-01,전라남도,15362.5,"2018-03-03 00:00:00",jinsung
거시경제및일반지표,가계대출,M,,,,,,2015-01-01,전라남도,15317.5,"2018-03-03 00:00:00",jinsung
거시경제및일반지표,가계대출,M,,,,,,2015-02-01,전라남도,15333.1,"2018-03-03 00:00:00",jinsung
거시경제및일반지표,가계대출,M,,,,,,2015-03-01,전라남도,15430.5,"2018-03-03 00:00:00",jinsung
거시경제및일반지표,가계대출,M,,,,,,2015-04-01,전라남도,15556.9,"2018-03-03 00:00:00",jinsung
거시경제및일반지표,가계대출,M,,,,,,2015-05-01,전라남도,15631,"2018-03-03 00:00:00",jinsung
거시경제및일반지표,가계대출,M,,,,,,2015-06-01,전라남도,15654.1,"2018-03-03 00:00:00",jinsung
거시경제및일반지표,가계대출,M,,,,,,2015-07-01,전라남도,15726.8,"2018-03-03 00:00:00",jinsung
거시경제및일반지표,가계대출,M,,,,,,2015-08-01,전라남도,15960.3,"2018-03-03 00:00:00",jinsung
거시경제및일반지표,가계대출,M,,,,,,2015-09-01,전라남도,16094,"2018-03-03 00:00:00",jinsung
거시경제및일반지표,가계대출,M,,,,,,2015-10-01,전라남도,16311.4,"2018-03-03 00:00:00",jinsung
거시경제및일반지표,가계대출,M,,,,,,2015-11-01,전라남도,16516.1,"2018-03-03 00:00:00",jinsung
거시경제및일반지표,가계대출,M,,,,,,2015-12-01,전라남도,16713.2,"2018-03-03 00:00:00",jinsung
거시경제및일반지표,가계대출,M,,,,,,2016-01-01,전라남도,16733.2,"2018-03-03 00:00:00",jinsung
거시경제및일반지표,가계대출,M,,,,,,2016-02-01,전라남도,16804,"2018-03-03 00:00:00",jinsung
거시경제및일반지표,가계대출,M,,,,,,2016-03-01,전라남도,17046.6,"2018-03-03 00:00:00",jinsung
거시경제및일반지표,가계대출,M,,,,,,2016-04-01,전라남도,17194.8,"2018-03-03 00:00:00",jinsung
거시경제및일반지표,가계대출,M,,,,,,2016-05-01,전라남도,17438,"2018-03-03 00:00:00",jinsung
거시경제및일반지표,가계대출,M,,,,,,2016-06-01,전라남도,17694.4,"2018-03-03 00:00:00",jinsung
거시경제및일반지표,가계대출,M,,,,,,2016-07-01,전라남도,17914.8,"2018-03-03 00:00:00",jinsung
거시경제및일반지표,가계대출,M,,,,,,2016-08-01,전라남도,18234.3,"2018-03-03 00:00:00",jinsung
거시경제및일반지표,가계대출,M,,,,,,2016-09-01,전라남도,18510.4,"2018-03-03 00:00:00",jinsung
거시경제및일반지표,가계대출,M,,,,,,2016-10-01,전라남도,18785.1,"2018-03-03 00:00:00",jinsung
거시경제및일반지표,가계대출,M,,,,,,2016-11-01,전라남도,19032.5,"2018-03-03 00:00:00",jinsung
거시경제및일반지표,가계대출,M,,,,,,2016-12-01,전라남도,19204.4,"2018-03-03 00:00:00",jinsung
거시경제및일반지표,가계대출,M,,,,,,2017-01-01,전라남도,19231.3,"2018-03-03 00:00:00",jinsung
거시경제및일반지표,가계대출,M,,,,,,2017-02-01,전라남도,19284.5,"2018-03-03 00:00:00",jinsung
거시경제및일반지표,가계대출,M,,,,,,2017-03-01,전라남도,19409.5,"2018-03-03 00:00:00",jinsung
거시경제및일반지표,가계대출,M,,,,,,2017-04-01,전라남도,19544.3,"2018-03-03 00:00:00",jinsung
거시경제및일반지표,가계대출,M,,,,,,2017-05-01,전라남도,19780,"2018-03-03 00:00:00",jinsung
거시경제및일반지표,가계대출,M,,,,,,2017-06-01,전라남도,20044.6,"2018-03-03 00:00:00",jinsung
거시경제및일반지표,가계대출,M,,,,,,2017-07-01,전라남도,20223.8,"2018-03-03 00:00:00",jinsung
거시경제및일반지표,가계대출,M,,,,,,2017-08-01,전라남도,20398.5,"2018-03-03 00:00:00",jinsung
거시경제및일반지표,가계대출,M,,,,,,2017-09-01,전라남도,20473.8,"2018-03-03 00:00:00",jinsung
거시경제및일반지표,가계대출,M,,,,,,2017-10-01,전라남도,20718,"2018-03-03 00:00:00",jinsung
거시경제및일반지표,가계대출,M,,,,,,2017-11-01,전라남도,20925.6,"2018-03-03 00:00:00",jinsung
거시경제및일반지표,가계대출,M,,,,,,2013-02-01,경상북도,20039.9,"2018-03-03 00:00:00",jinsung
거시경제및일반지표,가계대출,M,,,,,,2013-03-01,경상북도,20158.2,"2018-03-03 00:00:00",jinsung
거시경제및일반지표,가계대출,M,,,,,,2013-04-01,경상북도,20304,"2018-03-03 00:00:00",jinsung
거시경제및일반지표,가계대출,M,,,,,,2013-05-01,경상북도,20524.8,"2018-03-03 00:00:00",jinsung
거시경제및일반지표,가계대출,M,,,,,,2013-06-01,경상북도,20941.3,"2018-03-03 00:00:00",jinsung
거시경제및일반지표,가계대출,M,,,,,,2013-07-01,경상북도,21137.7,"2018-03-03 00:00:00",jinsung
거시경제및일반지표,가계대출,M,,,,,,2013-08-01,경상북도,21357.4,"2018-03-03 00:00:00",jinsung
거시경제및일반지표,가계대출,M,,,,,,2013-09-01,경상북도,21477.7,"2018-03-03 00:00:00",jinsung
거시경제및일반지표,가계대출,M,,,,,,2013-10-01,경상북도,21706.6,"2018-03-03 00:00:00",jinsung
거시경제및일반지표,가계대출,M,,,,,,2013-11-01,경상북도,22060.9,"2018-03-03 00:00:00",jinsung
거시경제및일반지표,가계대출,M,,,,,,2013-12-01,경상북도,22534.9,"2018-03-03 00:00:00",jinsung
거시경제및일반지표,가계대출,M,,,,,,2014-01-01,경상북도,22529.9,"2018-03-03 00:00:00",jinsung
거시경제및일반지표,가계대출,M,,,,,,2014-02-01,경상북도,22708.8,"2018-03-03 00:00:00",jinsung
거시경제및일반지표,가계대출,M,,,,,,2014-03-01,경상북도,22960.7,"2018-03-03 00:00:00",jinsung
거시경제및일반지표,가계대출,M,,,,,,2014-04-01,경상북도,23321.1,"2018-03-03 00:00:00",jinsung
거시경제및일반지표,가계대출,M,,,,,,2014-05-01,경상북도,23592.3,"2018-03-03 00:00:00",jinsung
거시경제및일반지표,가계대출,M,,,,,,2014-06-01,경상북도,23979.7,"2018-03-03 00:00:00",jinsung
거시경제및일반지표,가계대출,M,,,,,,2014-07-01,경상북도,24358.5,"2018-03-03 00:00:00",jinsung
거시경제및일반지표,가계대출,M,,,,,,2014-08-01,경상북도,24630.6,"2018-03-03 00:00:00",jinsung
거시경제및일반지표,가계대출,M,,,,,,2014-09-01,경상북도,24979.2,"2018-03-03 00:00:00",jinsung
거시경제및일반지표,가계대출,M,,,,,,2014-10-01,경상북도,25444.3,"2018-03-03 00:00:00",jinsung
거시경제및일반지표,가계대출,M,,,,,,2014-11-01,경상북도,26033.9,"2018-03-03 00:00:00",jinsung
거시경제및일반지표,가계대출,M,,,,,,2014-12-01,경상북도,26608.6,"2018-03-03 00:00:00",jinsung
거시경제및일반지표,가계대출,M,,,,,,2015-01-01,경상북도,26747.4,"2018-03-03 00:00:00",jinsung
거시경제및일반지표,가계대출,M,,,,,,2015-02-01,경상북도,26987.5,"2018-03-03 00:00:00",jinsung
거시경제및일반지표,가계대출,M,,,,,,2015-03-01,경상북도,27181.1,"2018-03-03 00:00:00",jinsung
거시경제및일반지표,가계대출,M,,,,,,2015-04-01,경상북도,27603.8,"2018-03-03 00:00:00",jinsung
거시경제및일반지표,가계대출,M,,,,,,2015-05-01,경상북도,27890.7,"2018-03-03 00:00:00",jinsung
거시경제및일반지표,가계대출,M,,,,,,2015-06-01,경상북도,28304.3,"2018-03-03 00:00:00",jinsung
거시경제및일반지표,가계대출,M,,,,,,2015-07-01,경상북도,28755.4,"2018-03-03 00:00:00",jinsung
거시경제및일반지표,가계대출,M,,,,,,2015-08-01,경상북도,29231.8,"2018-03-03 00:00:00",jinsung
거시경제및일반지표,가계대출,M,,,,,,2015-09-01,경상북도,29595.7,"2018-03-03 00:00:00",jinsung
거시경제및일반지표,가계대출,M,,,,,,2015-10-01,경상북도,30141.1,"2018-03-03 00:00:00",jinsung
거시경제및일반지표,가계대출,M,,,,,,2015-11-01,경상북도,30688.1,"2018-03-03 00:00:00",jinsung
거시경제및일반지표,가계대출,M,,,,,,2015-12-01,경상북도,31335.6,"2018-03-03 00:00:00",jinsung
거시경제및일반지표,가계대출,M,,,,,,2016-01-01,경상북도,31485.8,"2018-03-03 00:00:00",jinsung
거시경제및일반지표,가계대출,M,,,,,,2016-02-01,경상북도,31610.4,"2018-03-03 00:00:00",jinsung
거시경제및일반지표,가계대출,M,,,,,,2016-03-01,경상북도,32108.7,"2018-03-03 00:00:00",jinsung
거시경제및일반지표,가계대출,M,,,,,,2016-04-01,경상북도,32439.6,"2018-03-03 00:00:00",jinsung
거시경제및일반지표,가계대출,M,,,,,,2016-05-01,경상북도,32857.7,"2018-03-03 00:00:00",jinsung
거시경제및일반지표,가계대출,M,,,,,,2016-06-01,경상북도,33220.4,"2018-03-03 00:00:00",jinsung
거시경제및일반지표,가계대출,M,,,,,,2016-07-01,경상북도,33612.3,"2018-03-03 00:00:00",jinsung
거시경제및일반지표,가계대출,M,,,,,,2016-08-01,경상북도,34057.4,"2018-03-03 00:00:00",jinsung
거시경제및일반지표,가계대출,M,,,,,,2016-09-01,경상북도,34441,"2018-03-03 00:00:00",jinsung
거시경제및일반지표,가계대출,M,,,,,,2016-10-01,경상북도,34914.5,"2018-03-03 00:00:00",jinsung
거시경제및일반지표,가계대출,M,,,,,,2016-11-01,경상북도,35361.9,"2018-03-03 00:00:00",jinsung
거시경제및일반지표,가계대출,M,,,,,,2016-12-01,경상북도,35578.1,"2018-03-03 00:00:00",jinsung
거시경제및일반지표,가계대출,M,,,,,,2017-01-01,경상북도,35585.4,"2018-03-03 00:00:00",jinsung
거시경제및일반지표,가계대출,M,,,,,,2017-02-01,경상북도,35719.2,"2018-03-03 00:00:00",jinsung
거시경제및일반지표,가계대출,M,,,,,,2017-03-01,경상북도,35855.1,"2018-03-03 00:00:00",jinsung
거시경제및일반지표,가계대출,M,,,,,,2017-04-01,경상북도,35973.8,"2018-03-03 00:00:00",jinsung
거시경제및일반지표,가계대출,M,,,,,,2017-05-01,경상북도,36190.5,"2018-03-03 00:00:00",jinsung
거시경제및일반지표,가계대출,M,,,,,,2017-06-01,경상북도,36295.3,"2018-03-03 00:00:00",jinsung
거시경제및일반지표,가계대출,M,,,,,,2017-07-01,경상북도,36417.5,"2018-03-03 00:00:00",jinsung
거시경제및일반지표,가계대출,M,,,,,,2017-08-01,경상북도,36583.3,"2018-03-03 00:00:00",jinsung
거시경제및일반지표,가계대출,M,,,,,,2017-09-01,경상북도,36604,"2018-03-03 00:00:00",jinsung
거시경제및일반지표,가계대출,M,,,,,,2017-10-01,경상북도,36822.8,"2018-03-03 00:00:00",jinsung
거시경제및일반지표,가계대출,M,,,,,,2017-11-01,경상북도,37129.5,"2018-03-03 00:00:00",jinsung
거시경제및일반지표,가계대출,M,,,,,,2013-02-01,경상남도,33332.4,"2018-03-03 00:00:00",jinsung
거시경제및일반지표,가계대출,M,,,,,,2013-03-01,경상남도,33515.4,"2018-03-03 00:00:00",jinsung
거시경제및일반지표,가계대출,M,,,,,,2013-04-01,경상남도,33788.7,"2018-03-03 00:00:00",jinsung
거시경제및일반지표,가계대출,M,,,,,,2013-05-01,경상남도,34064.8,"2018-03-03 00:00:00",jinsung
거시경제및일반지표,가계대출,M,,,,,,2013-06-01,경상남도,34777.3,"2018-03-03 00:00:00",jinsung
거시경제및일반지표,가계대출,M,,,,,,2013-07-01,경상남도,34980,"2018-03-03 00:00:00",jinsung
거시경제및일반지표,가계대출,M,,,,,,2013-08-01,경상남도,35408,"2018-03-03 00:00:00",jinsung
거시경제및일반지표,가계대출,M,,,,,,2013-09-01,경상남도,35743,"2018-03-03 00:00:00",jinsung
거시경제및일반지표,가계대출,M,,,,,,2013-10-01,경상남도,36254.3,"2018-03-03 00:00:00",jinsung
거시경제및일반지표,가계대출,M,,,,,,2013-11-01,경상남도,36746.5,"2018-03-03 00:00:00",jinsung
거시경제및일반지표,가계대출,M,,,,,,2013-12-01,경상남도,37460.7,"2018-03-03 00:00:00",jinsung
거시경제및일반지표,가계대출,M,,,,,,2014-01-01,경상남도,37445.8,"2018-03-03 00:00:00",jinsung
